preamble,stimulus,item,category,rank,score,params,model
A doll,is a toy.,doll,toy,1,-11.43438720703125,81913344,distilgpt2
A top,is a toy.,top,toy,2,-21.98470687866211,81913344,distilgpt2
A jack-in-the-box,is a toy.,jack-in-the-box,toy,3,-15.198295593261719,81913344,distilgpt2
A toy soldier,is a toy.,toy soldier,toy,4,-17.373844146728516,81913344,distilgpt2
A yo-yo,is a toy.,yo-yo,toy,5,-12.616989135742188,81913344,distilgpt2
A block,is a toy.,block,toy,6,-18.347267150878906,81913344,distilgpt2
Marbles,are toys.,marbles,toy,7,-16.383506774902344,81913344,distilgpt2
A rattle,is a toy.,rattle,toy,8,-15.574954986572266,81913344,distilgpt2
A stuffed animal,is a toy.,stuffed animal,toy,9,-12.71017074584961,81913344,distilgpt2
A water pistol,is a toy.,water pistol,toy,10,-12.621036529541016,81913344,distilgpt2
A teddy bear,is a toy.,teddy bear,toy,11,-11.231147766113281,81913344,distilgpt2
A rocking horse,is a toy.,rocking horse,toy,12,-13.731281280517578,81913344,distilgpt2
A doll house,is a toy.,doll house,toy,13,-16.433143615722656,81913344,distilgpt2
A ball,is a toy.,ball,toy,14,-13.181221008300781,81913344,distilgpt2
Jacks,are toys.,jacks,toy,15,-15.005306243896484,81913344,distilgpt2
Paper dolls,are toys.,paper dolls,toy,16,-10.77032470703125,81913344,distilgpt2
An erector set,is a toy.,erector set,toy,17,-15.55133056640625,81913344,distilgpt2
A hula hoop,is a toy.,hula hoop,toy,18,-13.522285461425781,81913344,distilgpt2
A jump rope,is a toy.,jump rope,toy,19,-15.735980987548828,81913344,distilgpt2
A pogo stick,is a toy.,pogo stick,toy,20,-12.481727600097656,81913344,distilgpt2
A clay,is a toy.,clay,toy,21,-18.908737182617188,81913344,distilgpt2
A wagon,is a toy.,wagon,toy,22,-13.504158020019531,81913344,distilgpt2
A kite,is a toy.,kite,toy,23,-13.964176177978516,81913344,distilgpt2
A train,is a toy.,train,toy,24,-16.912986755371094,81913344,distilgpt2
A tricycle,is a toy.,tricycle,toy,25,-13.668384552001953,81913344,distilgpt2
A coloring book,is a toy.,coloring book,toy,26,-13.605056762695312,81913344,distilgpt2
Crayons,are toys.,crayons,toy,27,-13.851802825927734,81913344,distilgpt2
A truck,is a toy.,truck,toy,28,-17.727550506591797,81913344,distilgpt2
A puzzle,is a toy.,puzzle,toy,29,-15.118770599365234,81913344,distilgpt2
A fire engine,is a toy.,fire engine,toy,30,-16.929683685302734,81913344,distilgpt2
A balloon,is a toy.,balloon,toy,31,-13.92159652709961,81913344,distilgpt2
Skates,are toys.,skates,toy,32,-14.015937805175781,81913344,distilgpt2
A baseball,is a toy.,baseball,toy,33,-17.242828369140625,81913344,distilgpt2
A drum,is a toy.,drum,toy,34,-16.53716278076172,81913344,distilgpt2
A football,is a toy.,football,toy,35,-18.10485076904297,81913344,distilgpt2
A game,is a toy.,game,toy,36,-15.605903625488281,81913344,distilgpt2
A swing,is a toy.,swing,toy,37,-17.976184844970703,81913344,distilgpt2
A boat,is a toy.,boat,toy,38,-16.323009490966797,81913344,distilgpt2
A monopoly,is a toy.,monopoly,toy,39,-17.468719482421875,81913344,distilgpt2
A sled,is a toy.,sled,toy,40,-14.068309783935547,81913344,distilgpt2
A seesaw,is a toy.,seesaw,toy,41,-14.83987808227539,81913344,distilgpt2
Stilts,are toys.,stilts,toy,42,-14.264171600341797,81913344,distilgpt2
Checkers,are toys.,checkers,toy,43,-16.673198699951172,81913344,distilgpt2
A bat,is a toy.,bat,toy,44,-11.974987030029297,81913344,distilgpt2
A car,is a toy.,car,toy,45,-14.417865753173828,81913344,distilgpt2
An airplane,is a toy.,airplane,toy,46,-15.708663940429688,81913344,distilgpt2
A bicycle,is a toy.,bicycle,toy,47,-13.428409576416016,81913344,distilgpt2
A tractor,is a toy.,tractor,toy,48,-16.845848083496094,81913344,distilgpt2
A sandbox,is a toy.,sandbox,toy,49,-15.831428527832031,81913344,distilgpt2
A bike,is a toy.,bike,toy,50,-14.095252990722656,81913344,distilgpt2
A bow and arrow,is a toy.,bow and arrow,toy,51,-14.8131103515625,81913344,distilgpt2
A rope,is a toy.,rope,toy,52,-15.62093734741211,81913344,distilgpt2
Dishes,are toys.,dishes,toy,53,-15.122108459472656,81913344,distilgpt2
Cards,are toys.,cards,toy,54,-13.68136978149414,81913344,distilgpt2
A mitt,is a toy.,mitt,toy,55,-13.467086791992188,81913344,distilgpt2
A horse,is a toy.,horse,toy,56,-13.175048828125,81913344,distilgpt2
A gun,is a toy.,gun,toy,57,-12.063255310058594,81913344,distilgpt2
Animals,are toys.,animals,toy,58,-12.82781982421875,81913344,distilgpt2
A tennis racket,is a toy.,tennis racket,toy,59,-12.627098083496094,81913344,distilgpt2
Books,are toys.,books,toy,60,-15.523544311523438,81913344,distilgpt2
A robin,is a bird.,robin,bird,1,-14.444015502929688,81913344,distilgpt2
A sparrow,is a bird.,sparrow,bird,2,-10.414009094238281,81913344,distilgpt2
A bluejay,is a bird.,bluejay,bird,3,-12.481060028076172,81913344,distilgpt2
A bluebird,is a bird.,bluebird,bird,4,-10.098129272460938,81913344,distilgpt2
A canary,is a bird.,canary,bird,5,-14.051513671875,81913344,distilgpt2
A blackbird,is a bird.,blackbird,bird,6,-10.016178131103516,81913344,distilgpt2
A dove,is a bird.,dove,bird,7,-10.844917297363281,81913344,distilgpt2
A lark,is a bird.,lark,bird,8,-12.430622100830078,81913344,distilgpt2
A swallow,is a bird.,swallow,bird,9,-11.921943664550781,81913344,distilgpt2
A parakeet,is a bird.,parakeet,bird,10,-13.282917022705078,81913344,distilgpt2
An oriole,is a bird.,oriole,bird,11,-11.685798645019531,81913344,distilgpt2
A mockingbird,is a bird.,mockingbird,bird,12,-11.184810638427734,81913344,distilgpt2
A redbird,is a bird.,redbird,bird,13,-9.644214630126953,81913344,distilgpt2
A wren,is a bird.,wren,bird,14,-14.426376342773438,81913344,distilgpt2
A finch,is a bird.,finch,bird,15,-12.433307647705078,81913344,distilgpt2
A starling,is a bird.,starling,bird,16,-13.68582534790039,81913344,distilgpt2
A cardinal,is a bird.,cardinal,bird,17,-14.581703186035156,81913344,distilgpt2
An eagle,is a bird.,eagle,bird,18,-8.71706771850586,81913344,distilgpt2
A hummingbird,is a bird.,hummingbird,bird,19,-10.684127807617188,81913344,distilgpt2
A seagull,is a bird.,seagull,bird,20,-11.424213409423828,81913344,distilgpt2
A woodpecker,is a bird.,woodpecker,bird,21,-11.695075988769531,81913344,distilgpt2
A pigeon,is a bird.,pigeon,bird,22,-8.361827850341797,81913344,distilgpt2
A thrush,is a bird.,thrush,bird,23,-16.000442504882812,81913344,distilgpt2
A falcon,is a bird.,falcon,bird,24,-9.948921203613281,81913344,distilgpt2
A crow,is a bird.,crow,bird,25,-9.595844268798828,81913344,distilgpt2
A hawk,is a bird.,hawk,bird,26,-9.25448226928711,81913344,distilgpt2
A raven,is a bird.,raven,bird,27,-11.513660430908203,81913344,distilgpt2
A goldfinch,is a bird.,goldfinch,bird,28,-14.364128112792969,81913344,distilgpt2
A parrot,is a bird.,parrot,bird,29,-8.745109558105469,81913344,distilgpt2
A sandpiper,is a bird.,sandpiper,bird,30,-12.112953186035156,81913344,distilgpt2
A pheasant,is a bird.,pheasant,bird,31,-11.779487609863281,81913344,distilgpt2
A catbird,is a bird.,catbird,bird,32,-9.939281463623047,81913344,distilgpt2
A crane,is a bird.,crane,bird,33,-17.05911636352539,81913344,distilgpt2
An albatross,is a bird.,albatross,bird,34,-11.237594604492188,81913344,distilgpt2
A condor,is a bird.,condor,bird,35,-14.85214614868164,81913344,distilgpt2
A toucan,is a bird.,toucan,bird,36,-11.222206115722656,81913344,distilgpt2
An owl,is a bird.,owl,bird,37,-9.364643096923828,81913344,distilgpt2
A pelican,is a bird.,pelican,bird,38,-12.132026672363281,81913344,distilgpt2
A goose,is a bird.,goose,bird,39,-8.495803833007812,81913344,distilgpt2
A vulture,is a bird.,vulture,bird,40,-11.494873046875,81913344,distilgpt2
A stork,is a bird.,stork,bird,41,-12.141624450683594,81913344,distilgpt2
A buzzard,is a bird.,buzzard,bird,42,-13.205635070800781,81913344,distilgpt2
A swan,is a bird.,swan,bird,43,-13.00698471069336,81913344,distilgpt2
A flamingo,is a bird.,flamingo,bird,44,-11.581981658935547,81913344,distilgpt2
A duck,is a bird.,duck,bird,45,-9.62359619140625,81913344,distilgpt2
A peacock,is a bird.,peacock,bird,46,-10.516036987304688,81913344,distilgpt2
An egret,is a bird.,egret,bird,47,-12.331119537353516,81913344,distilgpt2
A chicken,is a bird.,chicken,bird,48,-10.196033477783203,81913344,distilgpt2
A turkey,is a bird.,turkey,bird,49,-10.111461639404297,81913344,distilgpt2
An ostrich,is a bird.,ostrich,bird,50,-9.87813949584961,81913344,distilgpt2
A titmouse,is a bird.,titmouse,bird,51,-12.165763854980469,81913344,distilgpt2
An emu,is a bird.,emu,bird,52,-14.507667541503906,81913344,distilgpt2
A penguin,is a bird.,penguin,bird,53,-11.005550384521484,81913344,distilgpt2
A bat,is a bird.,bat,bird,54,-10.08627700805664,81913344,distilgpt2
Football,is a sport.,football,sport,1,-10.970024108886719,81913344,distilgpt2
Baseball,is a sport.,baseball,sport,2,-11.564033508300781,81913344,distilgpt2
Basketball,is a sport.,basketball,sport,3,-10.75933837890625,81913344,distilgpt2
Tennis,is a sport.,tennis,sport,4,-13.54085922241211,81913344,distilgpt2
Softball,is a sport.,softball,sport,5,-13.465511322021484,81913344,distilgpt2
Canoeing,is a sport.,canoeing,sport,6,-16.01342010498047,81913344,distilgpt2
Handball,is a sport.,handball,sport,7,-13.590858459472656,81913344,distilgpt2
Rugby,is a sport.,rugby,sport,8,-16.62805938720703,81913344,distilgpt2
Hockey,is a sport.,hockey,sport,9,-11.158817291259766,81913344,distilgpt2
Ice hockey,is a sport.,ice hockey,sport,10,-11.261070251464844,81913344,distilgpt2
Swimming,is a sport.,swimming,sport,11,-12.07342529296875,81913344,distilgpt2
Track,is a sport.,track,sport,12,-19.310306549072266,81913344,distilgpt2
Boxing,is a sport.,boxing,sport,13,-13.292430877685547,81913344,distilgpt2
Volleyball,is a sport.,volleyball,sport,14,-12.868427276611328,81913344,distilgpt2
Lacrosse,is a sport.,lacrosse,sport,15,-12.679939270019531,81913344,distilgpt2
Skiing,is a sport.,skiing,sport,16,-16.165260314941406,81913344,distilgpt2
Golf,is a sport.,golf,sport,17,-12.4415283203125,81913344,distilgpt2
Polo,is a sport.,polo,sport,18,-16.665569305419922,81913344,distilgpt2
Surfing,is a sport.,surfing,sport,19,-12.193733215332031,81913344,distilgpt2
Wrestling,is a sport.,wrestling,sport,20,-12.925277709960938,81913344,distilgpt2
Gymnastics,is a sport.,gymnastics,sport,21,-14.505146026611328,81913344,distilgpt2
Cricket,is a sport.,cricket,sport,22,-13.67935562133789,81913344,distilgpt2
Squash,is a sport.,squash,sport,23,-17.078628540039062,81913344,distilgpt2
Badminton,is a sport.,badminton,sport,24,-14.17313003540039,81913344,distilgpt2
Racing,is a sport.,racing,sport,25,-13.866085052490234,81913344,distilgpt2
Pole vault,is a sport.,pole vault,sport,26,-18.410858154296875,81913344,distilgpt2
Fencing,is a sport.,fencing,sport,27,-13.083629608154297,81913344,distilgpt2
Bowling,is a sport.,bowling,sport,28,-13.081863403320312,81913344,distilgpt2
Water skiing,is a sport.,water skiing,sport,29,-11.098587036132812,81913344,distilgpt2
Ice skating,is a sport.,ice skating,sport,30,-10.617919921875,81913344,distilgpt2
Jai alai,is a sport.,jai alai,sport,31,-18.688278198242188,81913344,distilgpt2
Skating,is a sport.,skating,sport,32,-12.259807586669922,81913344,distilgpt2
Skindiving,is a sport.,skindiving,sport,33,-18.103050231933594,81913344,distilgpt2
Sailing,is a sport.,sailing,sport,34,-16.57099151611328,81913344,distilgpt2
Diving,is a sport.,diving,sport,35,-15.324146270751953,81913344,distilgpt2
Archery,is a sport.,archery,sport,36,-13.590435028076172,81913344,distilgpt2
Judo,is a sport.,judo,sport,37,-15.272178649902344,81913344,distilgpt2
Car racing,is a sport.,car racing,sport,38,-12.050457000732422,81913344,distilgpt2
Ping pong,is a sport.,ping pong,sport,39,-15.986713409423828,81913344,distilgpt2
Rowing,is a sport.,rowing,sport,40,-14.209877014160156,81913344,distilgpt2
Fishing,is a sport.,fishing,sport,41,-13.789985656738281,81913344,distilgpt2
Horseback riding,is a sport.,horseback riding,sport,42,-13.167804718017578,81913344,distilgpt2
Running,is a sport.,running,sport,43,-17.226024627685547,81913344,distilgpt2
Horse racing,is a sport.,horse racing,sport,44,-11.547626495361328,81913344,distilgpt2
Hiking,is a sport.,hiking,sport,45,-13.009674072265625,81913344,distilgpt2
Weight lifting,is a sport.,weight lifting,sport,46,-11.283824920654297,81913344,distilgpt2
Croquet,is a sport.,croquet,sport,47,-15.037506103515625,81913344,distilgpt2
Horseshoes,is a sport.,horseshoes,sport,48,-18.047130584716797,81913344,distilgpt2
Boating,is a sport.,boating,sport,49,-12.12509536743164,81913344,distilgpt2
Pool,is a sport.,pool,sport,50,-18.26092529296875,81913344,distilgpt2
Billiards,is a sport.,billiards,sport,51,-18.166824340820312,81913344,distilgpt2
Hunting,is a sport.,hunting,sport,52,-14.652660369873047,81913344,distilgpt2
Jump rope,is a sport.,jump rope,sport,53,-15.229061126708984,81913344,distilgpt2
Camping,is a sport.,camping,sport,54,-14.91695785522461,81913344,distilgpt2
Chess,is a sport.,chess,sport,55,-13.350776672363281,81913344,distilgpt2
Dancing,is a sport.,dancing,sport,56,-14.678886413574219,81913344,distilgpt2
Checkers,is a sport.,checkers,sport,57,-19.588436126708984,81913344,distilgpt2
Cards,is a sport.,cards,sport,58,-19.05504608154297,81913344,distilgpt2
Sunbathing,is a sport.,sunbathing,sport,59,-15.720848083496094,81913344,distilgpt2
Pea,is a vegetable.,pea,vegetable,1,-16.956043243408203,81913344,distilgpt2
Carrot,is a vegetable.,carrot,vegetable,2,-15.013374328613281,81913344,distilgpt2
Green bean,is a vegetable.,green bean,vegetable,3,-12.923259735107422,81913344,distilgpt2
String bean,is a vegetable.,string bean,vegetable,4,-14.854667663574219,81913344,distilgpt2
Spinach,is a vegetable.,spinach,vegetable,5,-16.86770248413086,81913344,distilgpt2
Broccoli,is a vegetable.,broccoli,vegetable,6,-11.90057373046875,81913344,distilgpt2
Asparagus,is a vegetable.,asparagus,vegetable,7,-11.88370132446289,81913344,distilgpt2
Corn,is a vegetable.,corn,vegetable,8,-15.55733871459961,81913344,distilgpt2
Cauliflower,is a vegetable.,cauliflower,vegetable,9,-12.286285400390625,81913344,distilgpt2
Brussels sprouts,are vegetables.,brussels sprouts,vegetable,10,-14.564071655273438,81913344,distilgpt2
Squash,is a vegetable.,squash,vegetable,11,-20.07897186279297,81913344,distilgpt2
Lettuce,is a vegetable.,lettuce,vegetable,12,-14.495414733886719,81913344,distilgpt2
Celery,is a vegetable.,celery,vegetable,13,-17.555362701416016,81913344,distilgpt2
Cucumber,is a vegetable.,cucumber,vegetable,14,-16.347972869873047,81913344,distilgpt2
Beet,is a vegetable.,beet,vegetable,15,-19.785175323486328,81913344,distilgpt2
Green,is a vegetable.,green,vegetable,16,-18.600692749023438,81913344,distilgpt2
Tomato,is a vegetable.,tomato,vegetable,17,-18.733570098876953,81913344,distilgpt2
Lima bean,is a vegetable.,lima bean,vegetable,18,-12.716888427734375,81913344,distilgpt2
Artichoke,is a vegetable.,artichoke,vegetable,19,-17.95169448852539,81913344,distilgpt2
Turnip,is a vegetable.,turnip,vegetable,20,-18.101234436035156,81913344,distilgpt2
Eggplant,is a vegetable.,eggplant,vegetable,21,-13.747169494628906,81913344,distilgpt2
Romaine,is a vegetable.,romaine,vegetable,22,-18.46533203125,81913344,distilgpt2
Green pepper,is a vegetable.,green pepper,vegetable,23,-11.551029205322266,81913344,distilgpt2
Okra,is a vegetable.,okra,vegetable,24,-18.163333892822266,81913344,distilgpt2
Radish,is a vegetable.,radish,vegetable,25,-18.549869537353516,81913344,distilgpt2
Onion,is a vegetable.,onion,vegetable,26,-17.385780334472656,81913344,distilgpt2
Bean,is a vegetable.,bean,vegetable,27,-17.2774658203125,81913344,distilgpt2
Green onion,is a vegetable.,green onion,vegetable,28,-12.14052963256836,81913344,distilgpt2
Potato,is a vegetable.,potato,vegetable,29,-15.007415771484375,81913344,distilgpt2
Parsnip,is a vegetable.,parsnip,vegetable,30,-20.01374053955078,81913344,distilgpt2
Turnip green,is a vegetable.,turnip green,vegetable,31,-14.97469711303711,81913344,distilgpt2
Collard,is a vegetable.,collard,vegetable,32,-20.117259979248047,81913344,distilgpt2
Wax bean,is a vegetable.,wax bean,vegetable,33,-13.926712036132812,81913344,distilgpt2
Watercress,is a vegetable.,watercress,vegetable,34,-15.157062530517578,81913344,distilgpt2
Black eyed pea,is a vegetable.,black eyed pea,vegetable,35,-15.82699966430664,81913344,distilgpt2
Leek,is a vegetable.,leek,vegetable,36,-18.81769561767578,81913344,distilgpt2
Pepper,is a vegetable.,pepper,vegetable,37,-16.32290267944336,81913344,distilgpt2
Sweet potato,is a vegetable.,sweet potato,vegetable,38,-13.044906616210938,81913344,distilgpt2
Yam,is a vegetable.,yam,vegetable,39,-21.56639862060547,81913344,distilgpt2
Parsley,is a vegetable.,parsley,vegetable,40,-19.908802032470703,81913344,distilgpt2
Endive,is a vegetable.,endive,vegetable,41,-21.66318130493164,81913344,distilgpt2
Rutabaga,is a vegetable.,rutabaga,vegetable,42,-18.65182876586914,81913344,distilgpt2
Mushroom,is a vegetable.,mushroom,vegetable,43,-19.75000762939453,81913344,distilgpt2
Avocado,is a vegetable.,avocado,vegetable,44,-12.087837219238281,81913344,distilgpt2
Rhubarb,is a vegetable.,rhubarb,vegetable,45,-13.770610809326172,81913344,distilgpt2
Kale,is a vegetable.,kale,vegetable,46,-20.235946655273438,81913344,distilgpt2
Escarole,is a vegetable.,escarole,vegetable,47,-19.821392059326172,81913344,distilgpt2
Sauerkraut,is a vegetable.,sauerkraut,vegetable,48,-15.82568359375,81913344,distilgpt2
Pickle,is a vegetable.,pickle,vegetable,49,-16.16912078857422,81913344,distilgpt2
Baked bean,is a vegetable.,baked bean,vegetable,50,-13.05722427368164,81913344,distilgpt2
Pumpkin,is a vegetable.,pumpkin,vegetable,51,-17.139400482177734,81913344,distilgpt2
Seaweed,is a vegetable.,seaweed,vegetable,52,-15.814888000488281,81913344,distilgpt2
Garlic,is a vegetable.,garlic,vegetable,53,-13.898113250732422,81913344,distilgpt2
Dandelion,is a vegetable.,dandelion,vegetable,54,-14.4053955078125,81913344,distilgpt2
Peanut,is a vegetable.,peanut,vegetable,55,-15.636714935302734,81913344,distilgpt2
Rice,is a vegetable.,rice,vegetable,56,-16.861209869384766,81913344,distilgpt2
A saw,is a tool.,saw,tool,1,-16.231998443603516,81913344,distilgpt2
A hammer,is a tool.,hammer,tool,2,-10.785957336425781,81913344,distilgpt2
A ruler,is a tool.,ruler,tool,3,-15.179611206054688,81913344,distilgpt2
A screwdriver,is a tool.,screwdriver,tool,4,-10.798095703125,81913344,distilgpt2
A drill,is a tool.,drill,tool,5,-13.600151062011719,81913344,distilgpt2
A nail,is a tool.,nail,tool,6,-13.70584487915039,81913344,distilgpt2
A tape measure,is a tool.,tape measure,tool,7,-13.35336685180664,81913344,distilgpt2
A sawhorse,is a tool.,sawhorse,tool,8,-15.432640075683594,81913344,distilgpt2
A sandpaper,is a tool.,sandpaper,tool,9,-13.835334777832031,81913344,distilgpt2
A sander,is a tool.,sander,tool,10,-13.717952728271484,81913344,distilgpt2
A level,is a tool.,level,tool,11,-18.305973052978516,81913344,distilgpt2
A plane,is a tool.,plane,tool,12,-18.869251251220703,81913344,distilgpt2
A file,is a tool.,file,tool,13,-16.024620056152344,81913344,distilgpt2
A toolbox,is a tool.,toolbox,tool,14,-12.189552307128906,81913344,distilgpt2
A t-square,is a tool.,T-square,tool,15,-13.805561065673828,81913344,distilgpt2
A chisel,is a tool.,chisel,tool,16,-10.318622589111328,81913344,distilgpt2
A rasp,is a tool.,rasp,tool,17,-16.365631103515625,81913344,distilgpt2
A pencil,is a tool.,pencil,tool,18,-11.01287841796875,81913344,distilgpt2
A hacksaw,is a tool.,hacksaw,tool,19,-12.361251831054688,81913344,distilgpt2
A square,is a tool.,square,tool,20,-14.946949005126953,81913344,distilgpt2
A bench,is a tool.,bench,tool,21,-16.707454681396484,81913344,distilgpt2
A plier,is a tool.,plier,tool,22,-12.483955383300781,81913344,distilgpt2
A wrench,is a tool.,wrench,tool,23,-11.002334594726562,81913344,distilgpt2
A ladder,is a tool.,ladder,tool,24,-12.708999633789062,81913344,distilgpt2
A lathe,is a tool.,lathe,tool,25,-14.627689361572266,81913344,distilgpt2
A vise,is a tool.,vise,tool,26,-13.611011505126953,81913344,distilgpt2
A screw,is a tool.,screw,tool,27,-13.953388214111328,81913344,distilgpt2
A wood,is a tool.,wood,tool,28,-14.385177612304688,81913344,distilgpt2
A wedge,is a tool.,wedge,tool,29,-13.159645080566406,81913344,distilgpt2
A lumber,is a tool.,lumber,tool,30,-16.9371337890625,81913344,distilgpt2
A blueprint,is a tool.,blueprint,tool,31,-16.18964385986328,81913344,distilgpt2
A brace,is a tool.,brace,tool,32,-14.333988189697266,81913344,distilgpt2
An awl,is a tool.,awl,tool,33,-16.11001205444336,81913344,distilgpt2
A crowbar,is a tool.,crowbar,tool,34,-12.40664291381836,81913344,distilgpt2
A hinge,is a tool.,hinge,tool,35,-12.925491333007812,81913344,distilgpt2
A miter box,is a tool.,miter box,tool,36,-12.006755828857422,81913344,distilgpt2
A knife,is a tool.,knife,tool,37,-11.0618896484375,81913344,distilgpt2
A chalk,is a tool.,chalk,tool,38,-17.985580444335938,81913344,distilgpt2
A nut,is a tool.,nut,tool,39,-13.832237243652344,81913344,distilgpt2
A bolt,is a tool.,bolt,tool,40,-13.757675170898438,81913344,distilgpt2
A plumb line,is a tool.,plumb line,tool,41,-13.992122650146484,81913344,distilgpt2
A brush,is a tool.,brush,tool,42,-12.34237289428711,81913344,distilgpt2
A sledge hammer,is a tool.,sledge hammer,tool,43,-10.578792572021484,81913344,distilgpt2
A glue,is a tool.,glue,tool,44,-14.643013000488281,81913344,distilgpt2
A paintbrush,is a tool.,paintbrush,tool,45,-10.936805725097656,81913344,distilgpt2
A varnish,is a tool.,varnish,tool,46,-13.77914810180664,81913344,distilgpt2
An apron,is a tool.,apron,tool,47,-13.607749938964844,81913344,distilgpt2
A stapler,is a tool.,stapler,tool,48,-12.985515594482422,81913344,distilgpt2
An extension cord,is a tool.,extension cord,tool,49,-14.081802368164062,81913344,distilgpt2
A soldering iron,is a tool.,soldering iron,tool,50,-13.043403625488281,81913344,distilgpt2
A plaster,is a tool.,plaster,tool,51,-16.69192886352539,81913344,distilgpt2
A wheelbarrow,is a tool.,wheelbarrow,tool,52,-12.834815979003906,81913344,distilgpt2
An axe,is a tool.,axe,tool,53,-10.163719177246094,81913344,distilgpt2
A slide rule,is a tool.,slide rule,tool,54,-14.085010528564453,81913344,distilgpt2
A cement,is a tool.,cement,tool,55,-16.81737518310547,81913344,distilgpt2
An anvil,is a tool.,anvil,tool,56,-11.976634979248047,81913344,distilgpt2
A hatchet,is a tool.,hatchet,tool,57,-12.353813171386719,81913344,distilgpt2
A rag,is a tool.,rag,tool,58,-14.255725860595703,81913344,distilgpt2
A scissor,is a tool.,scissor,tool,59,-14.793682098388672,81913344,distilgpt2
A crane,is a tool.,crane,tool,60,-16.14708709716797,81913344,distilgpt2
Orange,is a fruit.,orange,fruit,1,-16.556411743164062,81913344,distilgpt2
Apple,is a fruit.,apple,fruit,2,-22.807453155517578,81913344,distilgpt2
Banana,is a fruit.,banana,fruit,3,-15.203693389892578,81913344,distilgpt2
Peach,is a fruit.,peach,fruit,4,-15.346569061279297,81913344,distilgpt2
Pear,is a fruit.,pear,fruit,5,-20.963775634765625,81913344,distilgpt2
Apricot,is a fruit.,apricot,fruit,6,-18.81383514404297,81913344,distilgpt2
Tangerine,is a fruit.,tangerine,fruit,7,-16.674224853515625,81913344,distilgpt2
Plum,is a fruit.,plum,fruit,8,-18.480632781982422,81913344,distilgpt2
Grape,is a fruit.,grape,fruit,9,-16.291973114013672,81913344,distilgpt2
Nectarine,is a fruit.,nectarine,fruit,10,-16.121856689453125,81913344,distilgpt2
Strawberry,is a fruit.,strawberry,fruit,11,-14.740097045898438,81913344,distilgpt2
Grapefruit,is a fruit.,grapefruit,fruit,12,-12.638988494873047,81913344,distilgpt2
Berry,is a fruit.,berry,fruit,13,-18.852176666259766,81913344,distilgpt2
Cherry,is a fruit.,cherry,fruit,14,-17.536785125732422,81913344,distilgpt2
Pineapple,is a fruit.,pineapple,fruit,15,-14.70145034790039,81913344,distilgpt2
Blackberry,is a fruit.,blackberry,fruit,16,-19.360321044921875,81913344,distilgpt2
Melon,is a fruit.,melon,fruit,17,-21.287105560302734,81913344,distilgpt2
Blueberry,is a fruit.,blueberry,fruit,18,-15.551883697509766,81913344,distilgpt2
Raspberry,is a fruit.,raspberry,fruit,19,-20.404052734375,81913344,distilgpt2
Lemon,is a fruit.,lemon,fruit,20,-18.778404235839844,81913344,distilgpt2
Black raspberry,is a fruit.,black raspberry,fruit,21,-15.66824722290039,81913344,distilgpt2
Boysenberry,is a fruit.,boysenberry,fruit,22,-16.627437591552734,81913344,distilgpt2
Watermelon,is a fruit.,watermelon,fruit,23,-13.682010650634766,81913344,distilgpt2
Cantaloupe,is a fruit.,cantaloupe,fruit,24,-16.867618560791016,81913344,distilgpt2
Lime,is a fruit.,lime,fruit,25,-18.977420806884766,81913344,distilgpt2
Tangelo,is a fruit.,tangelo,fruit,26,-20.88809585571289,81913344,distilgpt2
Papaya,is a fruit.,papaya,fruit,27,-16.767959594726562,81913344,distilgpt2
Honeydew,is a fruit.,honeydew,fruit,28,-17.60672378540039,81913344,distilgpt2
Fig,is a fruit.,fig,fruit,29,-23.960525512695312,81913344,distilgpt2
Mango,is a fruit.,mango,fruit,30,-18.459705352783203,81913344,distilgpt2
Guava,is a fruit.,guava,fruit,31,-16.047740936279297,81913344,distilgpt2
Pomegranate,is a fruit.,pomegranate,fruit,32,-14.696666717529297,81913344,distilgpt2
Cranberry,is a fruit.,cranberry,fruit,33,-15.269245147705078,81913344,distilgpt2
Passion fruit,is a fruit.,passion fruit,fruit,34,-13.005439758300781,81913344,distilgpt2
Prune,is a fruit.,prune,fruit,35,-19.874622344970703,81913344,distilgpt2
Gooseberry,is a fruit.,gooseberry,fruit,36,-14.626483917236328,81913344,distilgpt2
Dates,is a fruit.,dates,fruit,37,-21.500564575195312,81913344,distilgpt2
Kumquat,is a fruit.,kumquat,fruit,38,-17.456809997558594,81913344,distilgpt2
Raisin,is a fruit.,raisin,fruit,39,-20.713214874267578,81913344,distilgpt2
Muskmelon,is a fruit.,muskmelon,fruit,40,-18.958770751953125,81913344,distilgpt2
Persimmon,is a fruit.,persimmon,fruit,41,-17.665096282958984,81913344,distilgpt2
Pawpaw,is a fruit.,pawpaw,fruit,42,-19.16883087158203,81913344,distilgpt2
Coconut,is a fruit.,coconut,fruit,43,-15.64669418334961,81913344,distilgpt2
Avocado,is a fruit.,avocado,fruit,44,-14.627861022949219,81913344,distilgpt2
Pumpkin,is a fruit.,pumpkin,fruit,45,-17.92624282836914,81913344,distilgpt2
Tomato,is a fruit.,tomato,fruit,46,-19.644058227539062,81913344,distilgpt2
Nut,is a fruit.,nut,fruit,47,-19.587984085083008,81913344,distilgpt2
Gourd,is a fruit.,gourd,fruit,48,-19.50762176513672,81913344,distilgpt2
Olive,is a fruit.,olive,fruit,49,-19.17241668701172,81913344,distilgpt2
Pickle,is a fruit.,pickle,fruit,50,-16.651695251464844,81913344,distilgpt2
Squash,is a fruit.,squash,fruit,51,-19.685367584228516,81913344,distilgpt2
A pant,is a type of clothing.,pant,clothing,1,-21.119832038879395,81913344,distilgpt2
A shirt,is a type of clothing.,shirt,clothing,2,-17.559213638305664,81913344,distilgpt2
A dress,is a type of clothing.,dress,clothing,3,-17.28520107269287,81913344,distilgpt2
A skirt,is a type of clothing.,skirt,clothing,4,-16.84713363647461,81913344,distilgpt2
A blouse,is a type of clothing.,blouse,clothing,5,-17.10124969482422,81913344,distilgpt2
A suit,is a type of clothing.,suit,clothing,6,-22.856019973754883,81913344,distilgpt2
A slack,is a type of clothing.,slack,clothing,7,-24.30616283416748,81913344,distilgpt2
A jacket,is a type of clothing.,jacket,clothing,8,-17.478126525878906,81913344,distilgpt2
A coat,is a type of clothing.,coat,clothing,9,-18.571106910705566,81913344,distilgpt2
A sweater,is a type of clothing.,sweater,clothing,10,-16.378353118896484,81913344,distilgpt2
A sweatshirt,is a type of clothing.,sweatshirt,clothing,11,-16.38481616973877,81913344,distilgpt2
An underpant,is a type of clothing.,underpant,clothing,12,-22.628854751586914,81913344,distilgpt2
A sports jacket,is a type of clothing.,sports jacket,clothing,13,-16.9306583404541,81913344,distilgpt2
A jumper,is a type of clothing.,jumper,clothing,14,-21.421035766601562,81913344,distilgpt2
A panty,is a type of clothing.,panty,clothing,15,-19.39008903503418,81913344,distilgpt2
A sock,is a type of clothing.,sock,clothing,16,-18.831012725830078,81913344,distilgpt2
A parka,is a type of clothing.,parka,clothing,17,-21.448315620422363,81913344,distilgpt2
A pajama,is a type of clothing.,pajama,clothing,18,-19.843170166015625,81913344,distilgpt2
An undershirt,is a type of clothing.,undershirt,clothing,19,-16.072904586791992,81913344,distilgpt2
An overcoat,is a type of clothing.,overcoat,clothing,20,-17.26066017150879,81913344,distilgpt2
A nightgown,is a type of clothing.,nightgown,clothing,21,-24.05620765686035,81913344,distilgpt2
A raincoat,is a type of clothing.,raincoat,clothing,22,-16.787569999694824,81913344,distilgpt2
A bathing suit,is a type of clothing.,bathing suit,clothing,23,-15.258570671081543,81913344,distilgpt2
A bathrobe,is a type of clothing.,bathrobe,clothing,24,-15.491826057434082,81913344,distilgpt2
A slip,is a type of clothing.,slip,clothing,25,-24.806703567504883,81913344,distilgpt2
A bra,is a type of clothing.,bra,clothing,26,-18.04584503173828,81913344,distilgpt2
A shoe,is a type of clothing.,shoe,clothing,27,-18.67472267150879,81913344,distilgpt2
A tuxedo,is a type of clothing.,tuxedo,clothing,28,-16.420531272888184,81913344,distilgpt2
A stocking,is a type of clothing.,stocking,clothing,29,-18.762341499328613,81913344,distilgpt2
A vest,is a type of clothing.,vest,clothing,30,-20.518232345581055,81913344,distilgpt2
A nylon,is a type of clothing.,nylon,clothing,31,-22.418231964111328,81913344,distilgpt2
A cape,is a type of clothing.,cape,clothing,32,-18.125237464904785,81913344,distilgpt2
A boot,is a type of clothing.,boot,clothing,33,-22.149932861328125,81913344,distilgpt2
A sandal,is a type of clothing.,sandal,clothing,34,-21.694482803344727,81913344,distilgpt2
A tie,is a type of clothing.,tie,clothing,35,-21.394685745239258,81913344,distilgpt2
A girdle,is a type of clothing.,girdle,clothing,36,-18.196711540222168,81913344,distilgpt2
A belt,is a type of clothing.,belt,clothing,37,-19.38749122619629,81913344,distilgpt2
A scarf,is a type of clothing.,scarf,clothing,38,-16.858062744140625,81913344,distilgpt2
A mitten,is a type of clothing.,mitten,clothing,39,-22.0986385345459,81913344,distilgpt2
A slipper,is a type of clothing.,slipper,clothing,40,-20.426876068115234,81913344,distilgpt2
A hat,is a type of clothing.,hat,clothing,41,-18.619760513305664,81913344,distilgpt2
An overshoe,is a type of clothing.,overshoe,clothing,42,-19.113189697265625,81913344,distilgpt2
A glove,is a type of clothing.,glove,clothing,43,-19.167585372924805,81913344,distilgpt2
An apron,is a type of clothing.,apron,clothing,44,-17.591632843017578,81913344,distilgpt2
An earmuff,is a type of clothing.,earmuff,clothing,45,-26.674941062927246,81913344,distilgpt2
A handkerchief,is a type of clothing.,handkerchief,clothing,46,-18.572546005249023,81913344,distilgpt2
A purse,is a type of clothing.,purse,clothing,47,-19.3056697845459,81913344,distilgpt2
A hairband,is a type of clothing.,hairband,clothing,48,-17.322961807250977,81913344,distilgpt2
A ring,is a type of clothing.,ring,clothing,49,-19.580945014953613,81913344,distilgpt2
An earring,is a type of clothing.,earring,clothing,50,-19.536147117614746,81913344,distilgpt2
A watch,is a type of clothing.,watch,clothing,51,-21.67037868499756,81913344,distilgpt2
A cuff link,is a type of clothing.,cuff link,clothing,52,-19.94281005859375,81913344,distilgpt2
A necklace,is a type of clothing.,necklace,clothing,53,-18.826651573181152,81913344,distilgpt2
A bracelet,is a type of clothing.,bracelet,clothing,54,-19.0712947845459,81913344,distilgpt2
A cane,is a type of clothing.,cane,clothing,55,-20.437807083129883,81913344,distilgpt2
An automobile,is a vehicle.,automobile,vehicle,1,-9.945487976074219,81913344,distilgpt2
A station wagon,is a vehicle.,station wagon,vehicle,2,-12.404823303222656,81913344,distilgpt2
A truck,is a vehicle.,truck,vehicle,3,-14.788330078125,81913344,distilgpt2
A car,is a vehicle.,car,vehicle,4,-12.023082733154297,81913344,distilgpt2
A bus,is a vehicle.,bus,vehicle,5,-14.421871185302734,81913344,distilgpt2
A taxi,is a vehicle.,taxi,vehicle,6,-15.09481430053711,81913344,distilgpt2
A jeep,is a vehicle.,jeep,vehicle,7,-13.045967102050781,81913344,distilgpt2
An ambulance,is a vehicle.,ambulance,vehicle,8,-18.776565551757812,81913344,distilgpt2
A motorcycle,is a vehicle.,motorcycle,vehicle,9,-12.452239990234375,81913344,distilgpt2
A streetcar,is a vehicle.,streetcar,vehicle,10,-14.133338928222656,81913344,distilgpt2
A van,is a vehicle.,van,vehicle,11,-14.486740112304688,81913344,distilgpt2
A honda,is a vehicle.,Honda,vehicle,12,-14.206344604492188,81913344,distilgpt2
A cable car,is a vehicle.,cable car,vehicle,13,-12.448741912841797,81913344,distilgpt2
A train,is a vehicle.,train,vehicle,14,-14.503875732421875,81913344,distilgpt2
A trolley,is a vehicle.,trolley,vehicle,15,-12.220882415771484,81913344,distilgpt2
A bicycle,is a vehicle.,bicycle,vehicle,16,-11.947284698486328,81913344,distilgpt2
A carriage,is a vehicle.,carriage,vehicle,17,-12.375312805175781,81913344,distilgpt2
An airplane,is a vehicle.,airplane,vehicle,18,-13.673355102539062,81913344,distilgpt2
A bike,is a vehicle.,bike,vehicle,19,-12.90987777709961,81913344,distilgpt2
A boat,is a vehicle.,boat,vehicle,20,-14.447105407714844,81913344,distilgpt2
A jet,is a vehicle.,jet,vehicle,21,-15.433372497558594,81913344,distilgpt2
A ship,is a vehicle.,ship,vehicle,22,-14.022098541259766,81913344,distilgpt2
A scooter,is a vehicle.,scooter,vehicle,23,-11.732807159423828,81913344,distilgpt2
A tractor,is a vehicle.,tractor,vehicle,24,-13.43173599243164,81913344,distilgpt2
A wagon,is a vehicle.,wagon,vehicle,25,-11.802825927734375,81913344,distilgpt2
A subway,is a vehicle.,subway,vehicle,26,-16.34972381591797,81913344,distilgpt2
A trailer,is a vehicle.,trailer,vehicle,27,-19.78078842163086,81913344,distilgpt2
A cart,is a vehicle.,cart,vehicle,28,-13.704647064208984,81913344,distilgpt2
A wheelchair,is a vehicle.,wheelchair,vehicle,29,-13.322834014892578,81913344,distilgpt2
A yacht,is a vehicle.,yacht,vehicle,30,-14.71701431274414,81913344,distilgpt2
A tank,is a vehicle.,tank,vehicle,31,-12.565658569335938,81913344,distilgpt2
A go-cart,is a vehicle.,go-cart,vehicle,32,-12.575237274169922,81913344,distilgpt2
A rowboat,is a vehicle.,rowboat,vehicle,33,-15.441131591796875,81913344,distilgpt2
A dogsled,is a vehicle.,dogsled,vehicle,34,-20.18720245361328,81913344,distilgpt2
A tricycle,is a vehicle.,tricycle,vehicle,35,-11.832626342773438,81913344,distilgpt2
A canoe,is a vehicle.,canoe,vehicle,36,-13.861793518066406,81913344,distilgpt2
A raft,is a vehicle.,raft,vehicle,37,-20.865215301513672,81913344,distilgpt2
A submarine,is a vehicle.,submarine,vehicle,38,-14.731246948242188,81913344,distilgpt2
A sled,is a vehicle.,sled,vehicle,39,-13.40057373046875,81913344,distilgpt2
A horse,is a vehicle.,horse,vehicle,40,-13.279258728027344,81913344,distilgpt2
A rocket,is a vehicle.,rocket,vehicle,41,-14.570159912109375,81913344,distilgpt2
A blimp,is a vehicle.,blimp,vehicle,42,-12.773078918457031,81913344,distilgpt2
A skate,is a vehicle.,skate,vehicle,43,-17.50045394897461,81913344,distilgpt2
A camel,is a vehicle.,camel,vehicle,44,-14.098411560058594,81913344,distilgpt2
Feet,are vehicles.,feet,vehicle,45,-20.33960723876953,81913344,distilgpt2
A ski,is a vehicle.,ski,vehicle,46,-18.9998779296875,81913344,distilgpt2
A skateboard,is a vehicle.,skateboard,vehicle,47,-15.134014129638672,81913344,distilgpt2
A wheelbarrow,is a vehicle.,wheelbarrow,vehicle,48,-14.427845001220703,81913344,distilgpt2
A surfboard,is a vehicle.,surfboard,vehicle,49,-14.777667999267578,81913344,distilgpt2
An elevator,is a vehicle.,elevator,vehicle,50,-13.46169662475586,81913344,distilgpt2
A chair,is a type of furniture.,chair,furniture,1,-20.246912002563477,81913344,distilgpt2
A sofa,is a type of furniture.,sofa,furniture,2,-14.511165618896484,81913344,distilgpt2
A couch,is a type of furniture.,couch,furniture,3,-15.60192584991455,81913344,distilgpt2
A table,is a type of furniture.,table,furniture,4,-22.061796188354492,81913344,distilgpt2
An easy chair,is a type of furniture.,easy chair,furniture,5,-18.044635772705078,81913344,distilgpt2
A dresser,is a type of furniture.,dresser,furniture,6,-18.99800205230713,81913344,distilgpt2
A rocking chair,is a type of furniture.,rocking chair,furniture,7,-16.919819831848145,81913344,distilgpt2
A coffee table,is a type of furniture.,coffee table,furniture,8,-16.223719596862793,81913344,distilgpt2
A rocker,is a type of furniture.,rocker,furniture,9,-23.190526962280273,81913344,distilgpt2
A love seat,is a type of furniture.,love seat,furniture,10,-19.5043888092041,81913344,distilgpt2
Chest of drawers,are furniture.,chest of drawers,furniture,11,-17.158798217773438,81913344,distilgpt2
A desk,is a type of furniture.,desk,furniture,12,-19.378973960876465,81913344,distilgpt2
A bed,is a type of furniture.,bed,furniture,13,-18.498493194580078,81913344,distilgpt2
A bureau,is a type of furniture.,bureau,furniture,14,-30.59612274169922,81913344,distilgpt2
A davenport,is a type of furniture.,davenport,furniture,15,-22.261816024780273,81913344,distilgpt2
An end table,is a type of furniture.,end table,furniture,16,-22.16737174987793,81913344,distilgpt2
A divan,is a type of furniture.,divan,furniture,17,-20.869953155517578,81913344,distilgpt2
A night table,is a type of furniture.,night table,furniture,18,-18.80310583114624,81913344,distilgpt2
A chest,is a type of furniture.,chest,furniture,19,-22.22694206237793,81913344,distilgpt2
A cedar chest,is a type of furniture.,cedar chest,furniture,20,-19.95718288421631,81913344,distilgpt2
A vanity,is a type of furniture.,vanity,furniture,21,-21.43973159790039,81913344,distilgpt2
A bookcase,is a type of furniture.,bookcase,furniture,22,-18.451583862304688,81913344,distilgpt2
A lounge,is a type of furniture.,lounge,furniture,23,-20.02967357635498,81913344,distilgpt2
A chaise lounge,is a type of furniture.,chaise lounge,furniture,24,-20.55331325531006,81913344,distilgpt2
An ottoman,is a type of furniture.,ottoman,furniture,25,-17.866403579711914,81913344,distilgpt2
A footstool,is a type of furniture.,footstool,furniture,26,-19.46495532989502,81913344,distilgpt2
A cabinet,is a type of furniture.,cabinet,furniture,27,-25.592769622802734,81913344,distilgpt2
A china closet,is a type of furniture.,china closet,furniture,28,-17.10387420654297,81913344,distilgpt2
A bench,is a type of furniture.,bench,furniture,29,-21.2466983795166,81913344,distilgpt2
A buffet,is a type of furniture.,buffet,furniture,30,-21.701210021972656,81913344,distilgpt2
A lamp,is a type of furniture.,lamp,furniture,31,-18.865854263305664,81913344,distilgpt2
A stool,is a type of furniture.,stool,furniture,32,-20.243544578552246,81913344,distilgpt2
A hassock,is a type of furniture.,hassock,furniture,33,-21.28445816040039,81913344,distilgpt2
A drawer,is a type of furniture.,drawer,furniture,34,-17.775365829467773,81913344,distilgpt2
A piano,is a type of furniture.,piano,furniture,35,-18.500630378723145,81913344,distilgpt2
A cushion,is a type of furniture.,cushion,furniture,36,-21.323331832885742,81913344,distilgpt2
A magazine rack,is a type of furniture.,magazine rack,furniture,37,-18.333656311035156,81913344,distilgpt2
A hi-fi,is a type of furniture.,hi-fi,furniture,38,-23.619831085205078,81913344,distilgpt2
A cupboard,is a type of furniture.,cupboard,furniture,39,-17.63933753967285,81913344,distilgpt2
A stereo,is a type of furniture.,stereo,furniture,40,-22.396587371826172,81913344,distilgpt2
A mirror,is a type of furniture.,mirror,furniture,41,-18.982365608215332,81913344,distilgpt2
A television,is a type of furniture.,television,furniture,42,-26.315229415893555,81913344,distilgpt2
A bar,is a type of furniture.,bar,furniture,43,-20.02371311187744,81913344,distilgpt2
A shelf,is a type of furniture.,shelf,furniture,44,-18.881678581237793,81913344,distilgpt2
A rug,is a type of furniture.,rug,furniture,45,-16.74289894104004,81913344,distilgpt2
A pillow,is a type of furniture.,pillow,furniture,46,-18.01898765563965,81913344,distilgpt2
A wastebasket,is a type of furniture.,wastebasket,furniture,47,-17.47869110107422,81913344,distilgpt2
A radio,is a type of furniture.,radio,furniture,48,-25.013442993164062,81913344,distilgpt2
A sewing machine,is a type of furniture.,sewing machine,furniture,49,-18.295684814453125,81913344,distilgpt2
A stove,is a type of furniture.,stove,furniture,50,-18.90298080444336,81913344,distilgpt2
A counter,is a type of furniture.,counter,furniture,51,-24.615610122680664,81913344,distilgpt2
A clock,is a type of furniture.,clock,furniture,52,-23.204898834228516,81913344,distilgpt2
A drape,is a type of furniture.,drape,furniture,53,-22.08442783355713,81913344,distilgpt2
A refrigerator,is a type of furniture.,refrigerator,furniture,54,-17.90633201599121,81913344,distilgpt2
A picture,is a type of furniture.,picture,furniture,55,-25.041305541992188,81913344,distilgpt2
A closet,is a type of furniture.,closet,furniture,56,-17.439809322357178,81913344,distilgpt2
A vase,is a type of furniture.,vase,furniture,57,-19.59353256225586,81913344,distilgpt2
An ashtray,is a type of furniture.,ashtray,furniture,58,-18.460061073303223,81913344,distilgpt2
A fan,is a type of furniture.,fan,furniture,59,-28.22857093811035,81913344,distilgpt2
A telephone,is a type of furniture.,telephone,furniture,60,-25.2333984375,81913344,distilgpt2
A gun,is a weapon.,gun,weapon,1,-9.83258056640625,81913344,distilgpt2
A pistol,is a weapon.,pistol,weapon,2,-10.385387420654297,81913344,distilgpt2
A revolver,is a weapon.,revolver,weapon,3,-11.623023986816406,81913344,distilgpt2
A machine gun,is a weapon.,machine gun,weapon,4,-10.5069580078125,81913344,distilgpt2
A rifle,is a weapon.,rifle,weapon,5,-10.291618347167969,81913344,distilgpt2
A switchblade,is a weapon.,switchblade,weapon,6,-11.431800842285156,81913344,distilgpt2
A knife,is a weapon.,knife,weapon,7,-9.62213134765625,81913344,distilgpt2
A dagger,is a weapon.,dagger,weapon,8,-9.62118911743164,81913344,distilgpt2
A shotgun,is a weapon.,shotgun,weapon,9,-10.641044616699219,81913344,distilgpt2
A sword,is a weapon.,sword,weapon,10,-9.511260986328125,81913344,distilgpt2
A bomb,is a weapon.,bomb,weapon,11,-13.502365112304688,81913344,distilgpt2
A hand grenade,is a weapon.,hand grenade,weapon,12,-10.663410186767578,81913344,distilgpt2
An atom bomb,is a weapon.,Atom bomb,weapon,13,-11.53934097290039,81913344,distilgpt2
A bayonet,is a weapon.,bayonet,weapon,14,-11.424602508544922,81913344,distilgpt2
A spear,is a weapon.,spear,weapon,15,-10.428997039794922,81913344,distilgpt2
A bazooka,is a weapon.,bazooka,weapon,16,-14.56319808959961,81913344,distilgpt2
A cannon,is a weapon.,cannon,weapon,17,-10.617225646972656,81913344,distilgpt2
A bow and arrow,is a weapon.,bow and arrow,weapon,18,-10.22964096069336,81913344,distilgpt2
A club,is a weapon.,club,weapon,19,-19.10498809814453,81913344,distilgpt2
A lance,is a weapon.,lance,weapon,20,-12.358394622802734,81913344,distilgpt2
A brass knuckle,is a weapon.,brass knuckle,weapon,21,-13.832633972167969,81913344,distilgpt2
A bullet,is a weapon.,bullet,weapon,22,-15.180435180664062,81913344,distilgpt2
A tomahawk,is a weapon.,tomahawk,weapon,23,-11.934375762939453,81913344,distilgpt2
A mortar,is a weapon.,mortar,weapon,24,-13.272514343261719,81913344,distilgpt2
An arrow,is a weapon.,arrow,weapon,25,-11.31719970703125,81913344,distilgpt2
A blackjack,is a weapon.,blackjack,weapon,26,-14.628047943115234,81913344,distilgpt2
A tank,is a weapon.,tank,weapon,27,-13.553333282470703,81913344,distilgpt2
Teargas,is a weapon.,teargas,weapon,28,-14.134307861328125,81913344,distilgpt2
A missile,is a weapon.,missile,weapon,29,-13.606014251708984,81913344,distilgpt2
A whip,is a weapon.,whip,weapon,30,-11.649635314941406,81913344,distilgpt2
An ice pick,is a weapon.,ice pick,weapon,31,-12.689708709716797,81913344,distilgpt2
A hatchet,is a weapon.,hatchet,weapon,32,-11.535259246826172,81913344,distilgpt2
A slingshot,is a weapon.,slingshot,weapon,33,-14.729652404785156,81913344,distilgpt2
A fist,is a weapon.,fist,weapon,34,-12.092700958251953,81913344,distilgpt2
An axe,is a weapon.,axe,weapon,35,-9.237812042236328,81913344,distilgpt2
A bow,is a weapon.,bow,weapon,36,-13.021888732910156,81913344,distilgpt2
A razor,is a weapon.,razor,weapon,37,-12.163581848144531,81913344,distilgpt2
A razor blade,is a weapon.,razor blade,weapon,38,-11.619556427001953,81913344,distilgpt2
A rocket,is a weapon.,rocket,weapon,39,-14.194561004638672,81913344,distilgpt2
A judo,is a weapon.,judo,weapon,40,-18.781455993652344,81913344,distilgpt2
A stick,is a weapon.,stick,weapon,41,-12.540573120117188,81913344,distilgpt2
A poison,is a weapon.,poison,weapon,42,-13.540348052978516,81913344,distilgpt2
A rock,is a weapon.,rock,weapon,43,-14.022151947021484,81913344,distilgpt2
A stone,is a weapon.,stone,weapon,44,-13.801708221435547,81913344,distilgpt2
Gas,is a weapon.,gas,weapon,45,-16.331844329833984,81913344,distilgpt2
A chain,is a weapon.,chain,weapon,46,-17.345951080322266,81913344,distilgpt2
A scissor,is a weapon.,scissor,weapon,47,-15.03476333618164,81913344,distilgpt2
A brick,is a weapon.,brick,weapon,48,-14.985359191894531,81913344,distilgpt2
A pitchfork,is a weapon.,pitchfork,weapon,49,-12.216915130615234,81913344,distilgpt2
A hammer,is a weapon.,hammer,weapon,50,-10.434314727783203,81913344,distilgpt2
A word,is a weapon.,word,weapon,51,-16.727336883544922,81913344,distilgpt2
A hand,is a weapon.,hand,weapon,52,-14.320446014404297,81913344,distilgpt2
A pipe,is a weapon.,pipe,weapon,53,-14.883476257324219,81913344,distilgpt2
A rope,is a weapon.,rope,weapon,54,-14.143547058105469,81913344,distilgpt2
An airplane,is a weapon.,airplane,weapon,55,-15.957000732421875,81913344,distilgpt2
A foot,is a weapon.,foot,weapon,56,-14.62613296508789,81913344,distilgpt2
A car,is a weapon.,car,weapon,57,-14.340747833251953,81913344,distilgpt2
A screwdriver,is a weapon.,screwdriver,weapon,58,-13.627849578857422,81913344,distilgpt2
Glass,is a weapon.,glass,weapon,59,-16.312679290771484,81913344,distilgpt2
A shoe,is a weapon.,shoe,weapon,60,-12.732177734375,81913344,distilgpt2
