stimulus,item,category,rank,logprob,normalized_logprob,params,model
a doll is a toy.,doll,toy,1,-15.165252685546875,-2.5275421142578125,125288025,roberta-base
a top is a toy.,top,toy,2,-36.13618183135986,-6.0226969718933105,125288025,roberta-base
a jack-in-the-box is a toy.,jack-in-the-box,toy,3,-20.221179962158203,-1.6850983301798503,125288025,roberta-base
a toy soldier is a toy.,toy soldier,toy,4,-22.371148109436035,-3.195878301348005,125288025,roberta-base
a yo-yo is a toy.,yo-yo,toy,5,-10.425810813903809,-1.303226351737976,125288025,roberta-base
a block is a toy.,block,toy,6,-21.599464416503906,-3.5999107360839844,125288025,roberta-base
marbles are toys.,marbles,toy,7,-22.128068923950195,-4.425613784790039,125288025,roberta-base
a rattle is a toy.,rattle,toy,8,-15.80186653137207,-2.2574095044817244,125288025,roberta-base
a stuffed animal is a toy.,stuffed animal,toy,9,-13.883670806884766,-1.9833815438406808,125288025,roberta-base
a water pistol is a toy.,water pistol,toy,10,-21.189346313476562,-3.0270494733537947,125288025,roberta-base
a teddy bear is a toy.,teddy bear,toy,11,-11.378889083862305,-1.422361135482788,125288025,roberta-base
a rocking horse is a toy.,rocking horse,toy,12,-17.319493293762207,-2.474213327680315,125288025,roberta-base
a doll house is a toy.,doll house,toy,13,-19.67726421356201,-2.811037744794573,125288025,roberta-base
a ball is a toy.,ball,toy,14,-19.737603187561035,-3.2896005312601724,125288025,roberta-base
jacks are toys.,jacks,toy,15,-25.27726650238037,-5.055453300476074,125288025,roberta-base
paper dolls are toys.,paper dolls,toy,16,-23.752239227294922,-4.750447845458984,125288025,roberta-base
an erector set is a toy.,erector set,toy,17,-30.443379402160645,-3.8054224252700806,125288025,roberta-base
a hula hoop is a toy.,hula hoop,toy,18,-11.307514190673828,-1.4134392738342285,125288025,roberta-base
a jump rope is a toy.,jump rope,toy,19,-14.136719703674316,-2.019531386239188,125288025,roberta-base
a pogo stick is a toy.,pogo stick,toy,20,-11.215657234191895,-1.4019571542739868,125288025,roberta-base
a clay is a toy.,clay,toy,21,-25.65678119659424,-4.276130199432373,125288025,roberta-base
a wagon is a toy.,wagon,toy,22,-27.43629741668701,-4.572716236114502,125288025,roberta-base
a kite is a toy.,kite,toy,23,-13.559664726257324,-1.9370949608939034,125288025,roberta-base
a train is a toy.,train,toy,24,-22.891809463500977,-3.8153015772501626,125288025,roberta-base
a tricycle is a toy.,tricycle,toy,25,-13.234417915344238,-1.8906311307634627,125288025,roberta-base
a coloring book is a toy.,coloring book,toy,26,-19.852500915527344,-2.836071559361049,125288025,roberta-base
crayons are toys.,crayons,toy,27,-19.487747192382812,-3.2479578653971353,125288025,roberta-base
a truck is a toy.,truck,toy,28,-23.925667762756348,-3.9876112937927246,125288025,roberta-base
a puzzle is a toy.,puzzle,toy,29,-23.520827293395996,-3.920137882232666,125288025,roberta-base
a fire engine is a toy.,fire engine,toy,30,-18.731480598449707,-2.6759257997785295,125288025,roberta-base
a balloon is a toy.,balloon,toy,31,-22.177091598510742,-3.6961819330851235,125288025,roberta-base
skates are toys.,skates,toy,32,-32.412482261657715,-6.482496452331543,125288025,roberta-base
a baseball is a toy.,baseball,toy,33,-21.763259887695312,-3.6272099812825522,125288025,roberta-base
a drum is a toy.,drum,toy,34,-22.643617630004883,-3.7739362716674805,125288025,roberta-base
a football is a toy.,football,toy,35,-20.410356521606445,-3.4017260869344077,125288025,roberta-base
a game is a toy.,game,toy,36,-24.45670986175537,-4.0761183102925616,125288025,roberta-base
a swing is a toy.,swing,toy,37,-26.50370502471924,-4.41728417078654,125288025,roberta-base
a boat is a toy.,boat,toy,38,-25.03767490386963,-4.1729458173116045,125288025,roberta-base
a monopoly is a toy.,monopoly,toy,39,-35.509952545166016,-5.918325424194336,125288025,roberta-base
a sled is a toy.,sled,toy,40,-24.99045181274414,-4.165075302124023,125288025,roberta-base
a seesaw is a toy.,seesaw,toy,41,-23.16654872894287,-3.309506961277553,125288025,roberta-base
stilts are toys.,stilts,toy,42,-30.446205139160156,-6.089241027832031,125288025,roberta-base
checkers are toys.,checkers,toy,43,-37.10225200653076,-7.4204504013061525,125288025,roberta-base
a bat is a toy.,bat,toy,44,-21.041207313537598,-3.5068678855895996,125288025,roberta-base
a car is a toy.,car,toy,45,-19.617963790893555,-3.2696606318155923,125288025,roberta-base
an airplane is a toy.,airplane,toy,46,-17.22696590423584,-2.8711609840393066,125288025,roberta-base
a bicycle is a toy.,bicycle,toy,47,-21.331836700439453,-3.5553061167399087,125288025,roberta-base
a tractor is a toy.,tractor,toy,48,-22.78188705444336,-3.79698117574056,125288025,roberta-base
a sandbox is a toy.,sandbox,toy,49,-26.086674690246582,-4.347779115041097,125288025,roberta-base
a bike is a toy.,bike,toy,50,-22.887276649475098,-3.8145461082458496,125288025,roberta-base
a bow and arrow is a toy.,bow and arrow,toy,51,-14.478862762451172,-1.8098578453063965,125288025,roberta-base
a rope is a toy.,rope,toy,52,-23.4207820892334,-3.9034636815389,125288025,roberta-base
dishes are toys.,dishes,toy,53,-31.323564529418945,-6.264712905883789,125288025,roberta-base
cards are toys.,cards,toy,54,-32.541595458984375,-8.135398864746094,125288025,roberta-base
a mitt is a toy.,mitt,toy,55,-21.708802223205566,-3.101257460457938,125288025,roberta-base
a horse is a toy.,horse,toy,56,-21.646703720092773,-3.6077839533487954,125288025,roberta-base
a gun is a toy.,gun,toy,57,-21.12343692779541,-3.520572821299235,125288025,roberta-base
animals are toys.,animals,toy,58,-18.97722339630127,-3.795444679260254,125288025,roberta-base
a tennis racket is a toy.,tennis racket,toy,59,-14.978038787841797,-2.1397198268345425,125288025,roberta-base
books are toys.,books,toy,60,-26.276759147644043,-6.569189786911011,125288025,roberta-base
a robin is a bird.,robin,bird,1,-10.728167533874512,-1.5325953619820731,125288025,roberta-base
a sparrow is a bird.,sparrow,bird,2,-9.26890754699707,-1.32412964957101,125288025,roberta-base
a bluejay is a bird.,bluejay,bird,3,-16.054393768310547,-2.2934848240443637,125288025,roberta-base
a bluebird is a bird.,bluebird,bird,4,-11.931389808654785,-1.704484258379255,125288025,roberta-base
a canary is a bird.,canary,bird,5,-10.523571014404297,-1.5033672877720423,125288025,roberta-base
a blackbird is a bird.,blackbird,bird,6,-11.451356887817383,-1.6359081268310547,125288025,roberta-base
a dove is a bird.,dove,bird,7,-19.227076530456543,-3.2045127550760903,125288025,roberta-base
a lark is a bird.,lark,bird,8,-12.81424617767334,-1.8306065968104772,125288025,roberta-base
a swallow is a bird.,swallow,bird,9,-22.247069358825684,-3.707844893137614,125288025,roberta-base
a parakeet is a bird.,parakeet,bird,10,-10.01297664642334,-1.2516220808029175,125288025,roberta-base
an oriole is a bird.,oriole,bird,11,-12.067117691040039,-1.7238739558628626,125288025,roberta-base
a mockingbird is a bird.,mockingbird,bird,12,-11.083771705627441,-1.5833959579467773,125288025,roberta-base
a redbird is a bird.,redbird,bird,13,-16.78431224822998,-2.397758892604283,125288025,roberta-base
a wren is a bird.,wren,bird,14,-12.4453125,-1.7779017857142858,125288025,roberta-base
a finch is a bird.,finch,bird,15,-13.55491828918457,-1.9364168984549386,125288025,roberta-base
a starling is a bird.,starling,bird,16,-17.868698120117188,-2.552671160016741,125288025,roberta-base
a cardinal is a bird.,cardinal,bird,17,-20.67740249633789,-3.4462337493896484,125288025,roberta-base
an eagle is a bird.,eagle,bird,18,-13.004833221435547,-2.1674722035725913,125288025,roberta-base
a hummingbird is a bird.,hummingbird,bird,19,-9.420881271362305,-1.3458401816231864,125288025,roberta-base
a seagull is a bird.,seagull,bird,20,-12.198866844177246,-1.5248583555221558,125288025,roberta-base
a woodpecker is a bird.,woodpecker,bird,21,-12.740294456481934,-1.5925368070602417,125288025,roberta-base
a pigeon is a bird.,pigeon,bird,22,-11.995704650878906,-1.9992841084798176,125288025,roberta-base
a thrush is a bird.,thrush,bird,23,-14.072587966918945,-2.0103697095598494,125288025,roberta-base
a falcon is a bird.,falcon,bird,24,-11.571247100830078,-1.6530353001185827,125288025,roberta-base
a crow is a bird.,crow,bird,25,-13.355527877807617,-2.225921312967936,125288025,roberta-base
a hawk is a bird.,hawk,bird,26,-14.7124605178833,-2.4520767529805503,125288025,roberta-base
a raven is a bird.,raven,bird,27,-12.54877758026123,-2.0914629300435386,125288025,roberta-base
a goldfinch is a bird.,goldfinch,bird,28,-10.09478759765625,-1.2618484497070312,125288025,roberta-base
a parrot is a bird.,parrot,bird,29,-8.633044242858887,-1.2332920346941267,125288025,roberta-base
a sandpiper is a bird.,sandpiper,bird,30,-12.532914161682129,-1.5666142702102661,125288025,roberta-base
a pheasant is a bird.,pheasant,bird,31,-11.484060287475586,-1.4355075359344482,125288025,roberta-base
a catbird is a bird.,catbird,bird,32,-19.965099334716797,-2.8521570478166853,125288025,roberta-base
a crane is a bird.,crane,bird,33,-24.71957492828369,-4.119929154713948,125288025,roberta-base
albatross are birds.,albatross,bird,34,-27.896151542663574,-4.649358590443929,125288025,roberta-base
a condor is a bird.,condor,bird,35,-14.97606372833252,-2.139437675476074,125288025,roberta-base
a toucan is a bird.,toucan,bird,36,-12.178319931030273,-1.7397599901471819,125288025,roberta-base
an owl is a bird.,owl,bird,37,-11.293061256408691,-1.8821768760681152,125288025,roberta-base
a pelican is a bird.,pelican,bird,38,-13.91224479675293,-1.9874635423932756,125288025,roberta-base
geese are birds.,geese,bird,39,-27.501098155975342,-5.500219631195068,125288025,roberta-base
a vulture is a bird.,vulture,bird,40,-14.211939811706543,-2.0302771159580777,125288025,roberta-base
a stork is a bird.,stork,bird,41,-12.591787338256836,-1.7988267626081194,125288025,roberta-base
a buzzard is a bird.,buzzard,bird,42,-11.304505348205566,-1.6149293354579382,125288025,roberta-base
a swan is a bird.,swan,bird,43,-12.618139266967773,-1.802591323852539,125288025,roberta-base
a flamingo is a bird.,flamingo,bird,44,-11.221458435058594,-1.6030654907226562,125288025,roberta-base
a duck is a bird.,duck,bird,45,-16.58926773071289,-2.764877955118815,125288025,roberta-base
a peacock is a bird.,peacock,bird,46,-8.71845531463623,-1.2454936163766044,125288025,roberta-base
an egret is a bird.,egret,bird,47,-12.342938423156738,-1.7632769175938197,125288025,roberta-base
a chicken is a bird.,chicken,bird,48,-14.761112213134766,-2.4601853688557944,125288025,roberta-base
a turkey is a bird.,turkey,bird,49,-14.906465530395508,-2.4844109217325845,125288025,roberta-base
an ostrich is a bird.,ostrich,bird,50,-11.01086139678955,-1.5729801995413644,125288025,roberta-base
a titmouse is a bird.,titmouse,bird,51,-14.40866470336914,-2.058380671909877,125288025,roberta-base
an emu is a bird.,emu,bird,52,-19.22224998474121,-2.746035712105887,125288025,roberta-base
a penguin is a bird.,penguin,bird,53,-13.574458122253418,-1.9392083031790597,125288025,roberta-base
a bat is a bird.,bat,bird,54,-22.772339820861816,-3.795389970143636,125288025,roberta-base
football is a sport.,football,sport,1,-11.802374839782715,-2.360474967956543,125288025,roberta-base
baseball is a sport.,baseball,sport,2,-10.074459075927734,-1.6790765126546223,125288025,roberta-base
basketball is a sport.,basketball,sport,3,-13.386399269104004,-2.6772798538208007,125288025,roberta-base
tennis is a sport.,tennis,sport,4,-7.28614616394043,-1.2143576939900715,125288025,roberta-base
softball is a sport.,softball,sport,5,-13.368142127990723,-2.2280236879984536,125288025,roberta-base
canoeing is a sport.,canoeing,sport,6,-15.36605167388916,-2.195150239127023,125288025,roberta-base
handball is a sport.,handball,sport,7,-16.50057315826416,-2.75009552637736,125288025,roberta-base
rugby is a sport.,rugby,sport,8,-17.222492218017578,-2.870415369669596,125288025,roberta-base
hockey is a sport.,hockey,sport,9,-13.334854125976562,-2.2224756876627603,125288025,roberta-base
ice hockey is a sport.,ice hockey,sport,10,-15.132576942443848,-2.5220961570739746,125288025,roberta-base
swimming is a sport.,swimming,sport,11,-14.69696044921875,-2.449493408203125,125288025,roberta-base
track is a sport.,track,sport,12,-26.132774353027344,-5.226554870605469,125288025,roberta-base
boxing is a sport.,boxing,sport,13,-19.025397300720215,-3.805079460144043,125288025,roberta-base
volleyball is a sport.,volleyball,sport,14,-14.22419548034668,-2.032027925763811,125288025,roberta-base
lacrosse is a sport.,lacrosse,sport,15,-11.862207412719727,-1.694601058959961,125288025,roberta-base
skiing is a sport.,skiing,sport,16,-18.31028175354004,-3.0517136255900064,125288025,roberta-base
golf is a sport.,golf,sport,17,-15.604530334472656,-2.600755055745443,125288025,roberta-base
polo is a sport.,polo,sport,18,-25.393787384033203,-4.232297897338867,125288025,roberta-base
surfing is a sport.,surfing,sport,19,-10.131793975830078,-1.688632329305013,125288025,roberta-base
wrestling is a sport.,wrestling,sport,20,-12.520502090454102,-2.086750348409017,125288025,roberta-base
gymnastics is a sport.,gymnastics,sport,21,-6.031787872314453,-0.8616839817592076,125288025,roberta-base
cricket is a sport.,cricket,sport,22,-9.346405029296875,-1.3352007184709822,125288025,roberta-base
squash is a sport.,squash,sport,23,-23.111191749572754,-3.851865291595459,125288025,roberta-base
badminton is a sport.,badminton,sport,24,-13.157609939575195,-1.8796585627964564,125288025,roberta-base
racing is a sport.,racing,sport,25,-13.833823204040527,-2.3056372006734214,125288025,roberta-base
pole vault is a sport.,pole vault,sport,26,-27.25882911682129,-4.543138186136882,125288025,roberta-base
fencing is a sport.,fencing,sport,27,-17.291481018066406,-2.881913503011068,125288025,roberta-base
bowling is a sport.,bowling,sport,28,-12.585980415344238,-2.097663402557373,125288025,roberta-base
water skiing is a sport.,water skiing,sport,29,-19.677306175231934,-3.2795510292053223,125288025,roberta-base
ice skating is a sport.,ice skating,sport,30,-21.392675399780273,-3.565445899963379,125288025,roberta-base
jai alai is a sport.,jai alai,sport,31,-37.49703884124756,-4.687129855155945,125288025,roberta-base
skating is a sport.,skating,sport,32,-15.074281692504883,-2.512380282084147,125288025,roberta-base
skindiving is a sport.,skindiving,sport,33,-44.3901252746582,-6.341446467808315,125288025,roberta-base
sailing is a sport.,sailing,sport,34,-16.396923065185547,-2.732820510864258,125288025,roberta-base
diving is a sport.,diving,sport,35,-15.81251049041748,-2.63541841506958,125288025,roberta-base
archery is a sport.,archery,sport,36,-19.093746185302734,-3.182291030883789,125288025,roberta-base
judo is a sport.,judo,sport,37,-28.079879760742188,-4.679979960123698,125288025,roberta-base
car racing is a sport.,car racing,sport,38,-12.396575927734375,-2.066095987955729,125288025,roberta-base
ping pong is a sport.,ping pong,sport,39,-23.849708557128906,-3.4071012224469865,125288025,roberta-base
rowing is a sport.,rowing,sport,40,-25.78281021118164,-5.156562042236328,125288025,roberta-base
fishing is a sport.,fishing,sport,41,-14.043903350830078,-2.3406505584716797,125288025,roberta-base
horseback riding is a sport.,horseback riding,sport,42,-8.985363006591797,-1.283623286655971,125288025,roberta-base
running is a sport.,running,sport,43,-15.530227661132812,-3.1060455322265623,125288025,roberta-base
horse racing is a sport.,horse racing,sport,44,-12.47940731048584,-2.0799012184143066,125288025,roberta-base
hiking is a sport.,hiking,sport,45,-17.59167194366455,-2.931945323944092,125288025,roberta-base
weight lifting is a sport.,weight lifting,sport,46,-17.440439224243164,-2.906739870707194,125288025,roberta-base
croquet is a sport.,croquet,sport,47,-24.08983612060547,-4.014972686767578,125288025,roberta-base
horseshoes is a sport.,horseshoes,sport,48,-23.94119358062744,-2.99264919757843,125288025,roberta-base
boating is a sport.,boating,sport,49,-18.331501960754395,-3.055250326792399,125288025,roberta-base
pool is a sport.,pool,sport,50,-27.627806663513184,-5.525561332702637,125288025,roberta-base
billiards is a sport.,billiards,sport,51,-21.121950149536133,-3.017421449933733,125288025,roberta-base
hunting is a sport.,hunting,sport,52,-12.136735916137695,-2.0227893193562827,125288025,roberta-base
jump rope is a sport.,jump rope,sport,53,-16.59585189819336,-2.76597531636556,125288025,roberta-base
camping is a sport.,camping,sport,54,-16.21131706237793,-2.7018861770629883,125288025,roberta-base
chess is a sport.,chess,sport,55,-11.405231475830078,-1.9008719126383464,125288025,roberta-base
dancing is a sport.,dancing,sport,56,-16.387383460998535,-2.7312305768330893,125288025,roberta-base
checkers is a sport.,checkers,sport,57,-30.044697761535645,-5.007449626922607,125288025,roberta-base
cards is a sport.,cards,sport,58,-32.282912254333496,-6.4565824508667,125288025,roberta-base
sunbathing is a sport.,sunbathing,sport,59,-17.579923629760742,-2.511417661394392,125288025,roberta-base
pea is a vegetable.,pea,vegetable,1,-12.42041015625,-2.070068359375,125288025,roberta-base
carrot is a vegetable.,carrot,vegetable,2,-15.002147674560547,-2.5003579457600913,125288025,roberta-base
green beans are vegetables.,green beans,vegetable,3,-29.24441623687744,-5.848883247375488,125288025,roberta-base
string beans are vegetables.,string beans,vegetable,4,-39.192134857177734,-7.838426971435547,125288025,roberta-base
spinach is a vegetable.,spinach,vegetable,5,-13.475377082824707,-2.2458961804707847,125288025,roberta-base
broccoli is a vegetable.,broccoli,vegetable,6,-11.743401527404785,-1.9572335879007976,125288025,roberta-base
asparagus are vegetables.,asparagus,vegetable,7,-24.808646202087402,-4.134774367014567,125288025,roberta-base
corn is a vegetable.,corn,vegetable,8,-14.546950340270996,-2.9093900680541993,125288025,roberta-base
cauliflower is a vegetable.,cauliflower,vegetable,9,-11.742504119873047,-1.6775005885532923,125288025,roberta-base
brussels are vegetables.,brussels,vegetable,10,-31.310855865478516,-5.218475977579753,125288025,roberta-base
sprouts are vegetables.,sprouts,vegetable,11,-27.601210594177246,-5.52024211883545,125288025,roberta-base
squash is a vegetable.,squash,vegetable,12,-21.12924575805664,-3.521540959676107,125288025,roberta-base
lettuce is a vegetable.,lettuce,vegetable,13,-8.125123023986816,-1.3541871706644695,125288025,roberta-base
celery is a vegetable.,celery,vegetable,14,-17.184415817260742,-2.8640693028767905,125288025,roberta-base
cucumber is a vegetable.,cucumber,vegetable,15,-11.548888206481934,-1.6498411723545618,125288025,roberta-base
beets are vegetables.,beets,vegetable,16,-27.552753448486328,-5.510550689697266,125288025,roberta-base
greens are vegetables.,greens,vegetable,17,-21.16321849822998,-4.232643699645996,125288025,roberta-base
tomato is a vegetable.,tomato,vegetable,18,-11.824430465698242,-1.970738410949707,125288025,roberta-base
lima beans are vegetables.,lima beans,vegetable,19,-37.84042310714722,-6.306737184524536,125288025,roberta-base
artichokes are vegetables.,artichokes,vegetable,20,-25.925337314605713,-4.320889552434285,125288025,roberta-base
turnip is a vegetable.,turnip,vegetable,21,-15.715560913085938,-2.6192601521809897,125288025,roberta-base
eggplant is a vegetable.,eggplant,vegetable,22,-6.861361503601074,-1.143560250600179,125288025,roberta-base
romaine is a vegetable.,romaine,vegetable,23,-20.035189628601074,-3.339198271433512,125288025,roberta-base
green peppers are vegetables.,green peppers,vegetable,24,-28.412046432495117,-5.682409286499023,125288025,roberta-base
okra is a vegetable.,okra,vegetable,25,-23.63944959640503,-3.939908266067505,125288025,roberta-base
radishes are vegetables.,radishes,vegetable,26,-37.49165630340576,-7.4983312606811525,125288025,roberta-base
onions are vegetables.,onions,vegetable,27,-34.59566307067871,-6.9191326141357425,125288025,roberta-base
bean is a vegetable.,bean,vegetable,28,-15.165447235107422,-3.033089447021484,125288025,roberta-base
green onion is a vegetable.,green onion,vegetable,29,-23.84705352783203,-3.9745089213053384,125288025,roberta-base
potato is a vegetable.,potato,vegetable,30,-12.895891189575195,-2.1493151982625327,125288025,roberta-base
parsnip is a vegetable.,parsnip,vegetable,31,-18.189953804016113,-2.273744225502014,125288025,roberta-base
turnip greens are vegetables.,turnip greens,vegetable,32,-25.224801063537598,-4.2041335105896,125288025,roberta-base
collard is a vegetable.,collard,vegetable,33,-19.908233165740967,-3.3180388609568277,125288025,roberta-base
wax beans are vegetables.,wax beans,vegetable,34,-37.59727191925049,-6.266211986541748,125288025,roberta-base
watercress are vegetables.,watercress,vegetable,35,-28.68395709991455,-4.780659516652425,125288025,roberta-base
black eyed peas are vegetables.,black eyed peas,vegetable,36,-19.40600061416626,-3.2343334356943765,125288025,roberta-base
leek is a vegetable.,leek,vegetable,37,-23.18916082382202,-3.8648601373036704,125288025,roberta-base
peppers are vegetables.,peppers,vegetable,38,-27.702688217163086,-5.540537643432617,125288025,roberta-base
sweet potato is a vegetable.,sweet potato,vegetable,39,-19.342116355895996,-3.2236860593159995,125288025,roberta-base
yams are vegetables.,yams,vegetable,40,-31.981916427612305,-6.396383285522461,125288025,roberta-base
parsley is a vegetable.,parsley,vegetable,41,-18.93455219268799,-2.7049360275268555,125288025,roberta-base
endive is a vegetable.,endive,vegetable,42,-26.59097671508789,-4.431829452514648,125288025,roberta-base
rutabaga is a vegetable.,rutabaga,vegetable,43,-18.74357509613037,-2.3429468870162964,125288025,roberta-base
mushroom is a vegetable.,mushroom,vegetable,44,-16.58703327178955,-2.3695761816842213,125288025,roberta-base
avocado is a vegetable.,avocado,vegetable,45,-11.32387924194336,-1.8873132069905598,125288025,roberta-base
rhubarb is a vegetable.,rhubarb,vegetable,46,-15.184514999389648,-2.1692164284842357,125288025,roberta-base
kale is a vegetable.,kale,vegetable,47,-16.580692291259766,-2.763448715209961,125288025,roberta-base
escarole is a vegetable.,escarole,vegetable,48,-27.60896396636963,-3.9441377094813754,125288025,roberta-base
sauerkraut is a vegetable.,sauerkraut,vegetable,49,-14.857260704040527,-1.6508067448933919,125288025,roberta-base
pickles are vegetables.,pickles,vegetable,50,-31.910086631774902,-6.382017326354981,125288025,roberta-base
baked beans are vegetables.,baked beans,vegetable,51,-29.048962593078613,-4.8414937655131025,125288025,roberta-base
pumpkin is a vegetable.,pumpkin,vegetable,52,-13.909504890441895,-1.987072127205985,125288025,roberta-base
seaweed is a vegetable.,seaweed,vegetable,53,-13.695560455322266,-1.9565086364746094,125288025,roberta-base
garlic is a vegetable.,garlic,vegetable,54,-13.487974166870117,-2.247995694478353,125288025,roberta-base
dandelion is a vegetable.,dandelion,vegetable,55,-14.14478588104248,-2.020683697291783,125288025,roberta-base
peanut is a vegetable.,peanut,vegetable,56,-14.136004447937012,-2.3560007413228354,125288025,roberta-base
rice is a vegetable.,rice,vegetable,57,-16.216644287109375,-3.243328857421875,125288025,roberta-base
a saw is a tool.,saw,tool,1,-23.45506191253662,-3.90917698542277,125288025,roberta-base
a hammer is a tool.,hammer,tool,2,-18.08193588256836,-3.01365598042806,125288025,roberta-base
a ruler is a tool.,ruler,tool,3,-26.299095153808594,-4.383182525634766,125288025,roberta-base
a screwdriver is a tool.,screwdriver,tool,4,-10.73616886138916,-1.53373840876988,125288025,roberta-base
a drill is a tool.,drill,tool,5,-28.99705696105957,-4.832842826843262,125288025,roberta-base
nails are tools.,nails,tool,6,-39.538114070892334,-7.907622814178467,125288025,roberta-base
a tape measure is a tool.,tape measure,tool,7,-21.505480766296387,-3.072211538042341,125288025,roberta-base
a sawhorse is a tool.,sawhorse,tool,8,-23.65452766418457,-2.9568159580230713,125288025,roberta-base
a sandpaper is a tool.,sandpaper,tool,9,-14.311051368713379,-2.044435909816197,125288025,roberta-base
a sander is a tool.,sander,tool,10,-23.90219020843506,-3.4145986012050082,125288025,roberta-base
a level is a tool.,level,tool,11,-27.7247371673584,-4.620789527893066,125288025,roberta-base
a plane is a tool.,plane,tool,12,-26.082138061523438,-4.347023010253906,125288025,roberta-base
a file is a tool.,file,tool,13,-21.560891151428223,-3.5934818585713706,125288025,roberta-base
a toolbox is a tool.,toolbox,tool,14,-18.396406173706055,-2.6280580248151506,125288025,roberta-base
a T-square is a tool.,T-square,tool,15,-26.89803123474121,-3.3622539043426514,125288025,roberta-base
a chisel is a tool.,chisel,tool,16,-16.49983024597168,-2.357118606567383,125288025,roberta-base
a rasp is a tool.,rasp,tool,17,-22.74444580078125,-3.24920654296875,125288025,roberta-base
a pencil is a tool.,pencil,tool,18,-20.64581298828125,-3.4409688313802085,125288025,roberta-base
a hacksaw is a tool.,hacksaw,tool,19,-13.672237396240234,-1.953176770891462,125288025,roberta-base
a square is a tool.,square,tool,20,-30.04788875579834,-5.007981459299724,125288025,roberta-base
a bench is a tool.,bench,tool,21,-27.992656707763672,-4.665442784627278,125288025,roberta-base
a pliers is a tool.,pliers,tool,22,-23.014719009399414,-3.2878170013427734,125288025,roberta-base
a wrench is a tool.,wrench,tool,23,-22.557390213012695,-3.7595650355021157,125288025,roberta-base
a ladder is a tool.,ladder,tool,24,-27.987770080566406,-4.664628346761067,125288025,roberta-base
a lathe is a tool.,lathe,tool,25,-19.986469268798828,-2.8552098955426897,125288025,roberta-base
a vise is a tool.,vise,tool,26,-25.742077827453613,-3.6774396896362305,125288025,roberta-base
screws are tools.,screws,tool,27,-25.623071670532227,-4.270511945088704,125288025,roberta-base
a wood is a tool.,wood,tool,28,-24.610690116882324,-4.101781686147054,125288025,roberta-base
a wedge is a tool.,wedge,tool,29,-25.80525302886963,-4.3008755048116045,125288025,roberta-base
a lumber is a tool.,lumber,tool,30,-29.877568244934082,-4.979594707489014,125288025,roberta-base
blueprints are tools.,blueprints,tool,31,-27.68678379058838,-5.537356758117676,125288025,roberta-base
a brace is a tool.,brace,tool,32,-23.484949111938477,-3.9141581853230796,125288025,roberta-base
an awl is a tool.,awl,tool,33,-18.544697761535645,-2.649242537362235,125288025,roberta-base
a crowbar is a tool.,crowbar,tool,34,-15.25406551361084,-2.17915221623012,125288025,roberta-base
a hinge is a tool.,hinge,tool,35,-28.317047119140625,-4.7195078531901045,125288025,roberta-base
a miter box is a tool.,miter box,tool,36,-30.214686393737793,-3.776835799217224,125288025,roberta-base
a knife is a tool.,knife,tool,37,-18.189395904541016,-3.0315659840901694,125288025,roberta-base
a chalk is a tool.,chalk,tool,38,-28.956772804260254,-4.826128800710042,125288025,roberta-base
nuts are tools.,nuts,tool,39,-32.36302471160889,-8.090756177902222,125288025,roberta-base
bolts are tools.,bolts,tool,40,-30.06367301940918,-6.012734603881836,125288025,roberta-base
a plumb line is a tool.,plumb line,tool,41,-27.324548721313477,-3.4155685901641846,125288025,roberta-base
a brush is a tool.,brush,tool,42,-20.629201889038086,-3.438200314839681,125288025,roberta-base
a sledge hammer is a tool.,sledge hammer,tool,43,-15.896028518676758,-1.9870035648345947,125288025,roberta-base
a glue is a tool.,glue,tool,44,-26.24690818786621,-4.374484697977702,125288025,roberta-base
a paintbrush is a tool.,paintbrush,tool,45,-14.316116333007812,-2.045159476143973,125288025,roberta-base
a varnish is a tool.,varnish,tool,46,-16.156347274780273,-2.019543409347534,125288025,roberta-base
an apron is a tool.,apron,tool,47,-26.58136749267578,-3.797338213239397,125288025,roberta-base
a stapler is a tool.,stapler,tool,48,-13.19381046295166,-1.6492263078689575,125288025,roberta-base
an extension cord is a tool.,extension cord,tool,49,-29.36129665374756,-4.194470950535366,125288025,roberta-base
a soldering iron is a tool.,soldering iron,tool,50,-16.807921409606934,-2.1009901762008667,125288025,roberta-base
a plaster is a tool.,plaster,tool,51,-33.5059700012207,-5.584328333536784,125288025,roberta-base
a wheelbarrow is a tool.,wheelbarrow,tool,52,-16.65286350250244,-2.081607937812805,125288025,roberta-base
an axe is a tool.,axe,tool,53,-19.18242073059082,-3.1970701217651367,125288025,roberta-base
a slide rule is a tool.,slide rule,tool,54,-36.59830665588379,-5.228329522269113,125288025,roberta-base
a cement is a tool.,cement,tool,55,-34.24796390533447,-5.707993984222412,125288025,roberta-base
an anvil is a tool.,anvil,tool,56,-20.573902130126953,-2.939128875732422,125288025,roberta-base
a hatchet is a tool.,hatchet,tool,57,-12.226912498474121,-1.746701785496303,125288025,roberta-base
rags are tools.,rags,tool,58,-24.74367332458496,-4.9487346649169925,125288025,roberta-base
a scissors is a tool.,scissors,tool,59,-23.364633560180664,-3.894105593363444,125288025,roberta-base
a crane is a tool.,crane,tool,60,-30.911802291870117,-5.1519670486450195,125288025,roberta-base
orange is a fruit.,orange,fruit,1,-16.517884254455566,-3.303576850891113,125288025,roberta-base
apple is a fruit.,apple,fruit,2,-17.790268898010254,-3.5580537796020506,125288025,roberta-base
banana is a fruit.,banana,fruit,3,-17.82211399078369,-2.9703523317972818,125288025,roberta-base
peach is a fruit.,peach,fruit,4,-19.449456214904785,-3.2415760358174643,125288025,roberta-base
pear is a fruit.,pear,fruit,5,-19.046740531921387,-3.174456755320231,125288025,roberta-base
apricot is a fruit.,apricot,fruit,6,-23.620064735412598,-3.3742949622017995,125288025,roberta-base
tangerine is a fruit.,tangerine,fruit,7,-12.932798385620117,-1.8475426265171595,125288025,roberta-base
plum is a fruit.,plum,fruit,8,-17.358238220214844,-2.8930397033691406,125288025,roberta-base
grapes are fruit.,grapes,fruit,9,-25.03463363647461,-4.172438939412435,125288025,roberta-base
nectarine is a fruit.,nectarine,fruit,10,-20.133262634277344,-3.355543772379557,125288025,roberta-base
strawberry is a fruit.,strawberry,fruit,11,-13.832247734069824,-1.9760353905814034,125288025,roberta-base
grapefruit is a fruit.,grapefruit,fruit,12,-10.961865425109863,-1.5659807750156947,125288025,roberta-base
berry is a fruit.,berry,fruit,13,-20.540998458862305,-4.108199691772461,125288025,roberta-base
cherry is a fruit.,cherry,fruit,14,-15.318711280822754,-2.5531185468037925,125288025,roberta-base
pineapple is a fruit.,pineapple,fruit,15,-7.479816436767578,-1.2466360727945964,125288025,roberta-base
blackberry is a fruit.,blackberry,fruit,16,-14.087467193603516,-2.3479111989339194,125288025,roberta-base
melon is a fruit.,melon,fruit,17,-17.463522911071777,-3.4927045822143556,125288025,roberta-base
blueberry is a fruit.,blueberry,fruit,18,-13.135766983032227,-2.1892944971720376,125288025,roberta-base
raspberry is a fruit.,raspberry,fruit,19,-14.495335578918457,-2.415889263153076,125288025,roberta-base
lemon is a fruit.,lemon,fruit,20,-18.97283363342285,-3.1621389389038086,125288025,roberta-base
black raspberry is a fruit.,black raspberry,fruit,21,-27.556339263916016,-4.592723210652669,125288025,roberta-base
boysenberry is a fruit.,boysenberry,fruit,22,-23.673418521881104,-3.3819169316973006,125288025,roberta-base
watermelon is a fruit.,watermelon,fruit,23,-13.669841766357422,-2.2783069610595703,125288025,roberta-base
cantaloupe is a fruit.,cantaloupe,fruit,24,-16.21096134185791,-1.8012179268731012,125288025,roberta-base
lime is a fruit.,lime,fruit,25,-21.981196403503418,-4.396239280700684,125288025,roberta-base
tangelo is a fruit.,tangelo,fruit,26,-29.826539039611816,-4.971089839935303,125288025,roberta-base
papaya is a fruit.,papaya,fruit,27,-14.7767915725708,-2.1109702246529713,125288025,roberta-base
honeydew is a fruit.,honeydew,fruit,28,-19.276440620422363,-2.4095550775527954,125288025,roberta-base
fig is a fruit.,fig,fruit,29,-33.552793979644775,-6.710558795928955,125288025,roberta-base
mango is a fruit.,mango,fruit,30,-15.397035598754883,-2.5661725997924805,125288025,roberta-base
guava is a fruit.,guava,fruit,31,-20.40751361846924,-3.401252269744873,125288025,roberta-base
pomegranate is a fruit.,pomegranate,fruit,32,-12.371912956237793,-1.5464891195297241,125288025,roberta-base
cranberry is a fruit.,cranberry,fruit,33,-15.231240272521973,-2.175891467503139,125288025,roberta-base
passion fruit is a fruit.,passion fruit,fruit,34,-28.313185691833496,-4.044740813119071,125288025,roberta-base
prunes are fruit.,prunes,fruit,35,-27.826668739318848,-5.56533374786377,125288025,roberta-base
gooseberry is a fruit.,gooseberry,fruit,36,-19.642142295837402,-2.8060203279767717,125288025,roberta-base
date is a fruit.,date,fruit,37,-28.319716453552246,-5.663943290710449,125288025,roberta-base
kumquat is a fruit.,kumquat,fruit,38,-20.311270236968994,-2.5389087796211243,125288025,roberta-base
raisin is a fruit.,raisin,fruit,39,-16.53197956085205,-2.7553299268086753,125288025,roberta-base
muskmelon is a fruit.,muskmelon,fruit,40,-35.237735748291016,-4.404716968536377,125288025,roberta-base
persimmon is a fruit.,persimmon,fruit,41,-27.051441192626953,-3.8644915989467075,125288025,roberta-base
pawpaw is a fruit.,pawpaw,fruit,42,-22.250178337097168,-2.781272292137146,125288025,roberta-base
coconut is a fruit.,coconut,fruit,43,-13.337928771972656,-1.9054183959960938,125288025,roberta-base
avocado is a fruit.,avocado,fruit,44,-13.076580047607422,-2.1794300079345703,125288025,roberta-base
pumpkin is a fruit.,pumpkin,fruit,45,-16.933626174926758,-2.4190894535609653,125288025,roberta-base
tomato is a fruit.,tomato,fruit,46,-11.43899917602539,-1.9064998626708984,125288025,roberta-base
nut is a fruit.,nut,fruit,47,-19.796164512634277,-3.9592329025268556,125288025,roberta-base
gourd is a fruit.,gourd,fruit,48,-14.148713111877441,-2.0212447302682057,125288025,roberta-base
olive is a fruit.,olive,fruit,49,-13.623854637145996,-2.2706424395243325,125288025,roberta-base
pickle is a fruit.,pickle,fruit,50,-16.543943405151367,-2.757323900858561,125288025,roberta-base
squash is a fruit.,squash,fruit,51,-20.893856048583984,-3.482309341430664,125288025,roberta-base
pants are clothes.,pants,clothing,1,-26.097902297973633,-6.524475574493408,125288025,roberta-base
a shirt is a type of clothing.,shirt,clothing,2,-18.037227630615234,-2.2546534538269043,125288025,roberta-base
dress are clothes.,dress,clothing,3,-35.62746524810791,-8.906866312026978,125288025,roberta-base
a skirt is a type of clothing.,skirt,clothing,4,-19.80320167541504,-2.47540020942688,125288025,roberta-base
a blouse is a type of clothing.,blouse,clothing,5,-15.56010627746582,-1.7289006974962022,125288025,roberta-base
a suit is a type of clothing.,suit,clothing,6,-19.820195198059082,-2.4775243997573853,125288025,roberta-base
slacks are clothes.,slacks,clothing,7,-30.041839599609375,-6.008367919921875,125288025,roberta-base
a jacket is a type of clothing.,jacket,clothing,8,-20.092724800109863,-2.511590600013733,125288025,roberta-base
a coat is a type of clothing.,coat,clothing,9,-19.353845596313477,-2.4192306995391846,125288025,roberta-base
a sweater is a type of clothing.,sweater,clothing,10,-17.928730964660645,-2.2410913705825806,125288025,roberta-base
a sweatshirt is a type of clothing.,sweatshirt,clothing,11,-15.002774238586426,-1.6669749153984919,125288025,roberta-base
underpants are clothes.,underpants,clothing,12,-25.430317878723145,-5.086063575744629,125288025,roberta-base
a sports jacket is a type of clothing.,sports jacket,clothing,13,-25.74558162689209,-2.8606201807657876,125288025,roberta-base
a jumper is a type of clothing.,jumper,clothing,14,-22.663243293762207,-2.832905411720276,125288025,roberta-base
panties are clothes.,panties,clothing,15,-25.12381935119629,-4.187303225199382,125288025,roberta-base
socks are clothes.,socks,clothing,16,-28.72411060333252,-5.7448221206665036,125288025,roberta-base
a parka is a type of clothing.,parka,clothing,17,-19.04545307159424,-2.1161614523993597,125288025,roberta-base
pajamas are clothes.,pajamas,clothing,18,-20.603964805603027,-3.4339941342671714,125288025,roberta-base
an undershirt is a type of clothing.,undershirt,clothing,19,-16.114066123962402,-1.790451791551378,125288025,roberta-base
an overcoat is a type of clothing.,overcoat,clothing,20,-17.152831077575684,-1.9058701197306316,125288025,roberta-base
a nightgown is a type of clothing.,nightgown,clothing,21,-13.610145568847656,-1.3610145568847656,125288025,roberta-base
a raincoat is a type of clothing.,raincoat,clothing,22,-18.83571720123291,-2.0928574668036566,125288025,roberta-base
a bathing suit is a type of clothing.,bathing suit,clothing,23,-15.978339195251465,-1.7753710216946073,125288025,roberta-base
a bathrobe is a type of clothing.,bathrobe,clothing,24,-17.252182960510254,-1.9169092178344727,125288025,roberta-base
a slip is a type of clothing.,slip,clothing,25,-32.71371555328369,-4.089214444160461,125288025,roberta-base
a bra is a type of clothing.,bra,clothing,26,-22.06022834777832,-2.75752854347229,125288025,roberta-base
shoes are clothes.,shoes,clothing,27,-24.600869178771973,-4.920173835754395,125288025,roberta-base
a tuxedo is a type of clothing.,tuxedo,clothing,28,-14.638628005981445,-1.4638628005981444,125288025,roberta-base
stockings are clothes.,stockings,clothing,29,-34.839134216308594,-6.967826843261719,125288025,roberta-base
a vest is a type of clothing.,vest,clothing,30,-20.723971366882324,-2.5904964208602905,125288025,roberta-base
nylons are clothes.,nylons,clothing,31,-27.621357917785645,-4.603559652964274,125288025,roberta-base
a cape is a type of clothing.,cape,clothing,32,-23.408361434936523,-2.9260451793670654,125288025,roberta-base
boots are clothes.,boots,clothing,33,-30.02709674835205,-6.00541934967041,125288025,roberta-base
sandals are clothes.,sandals,clothing,34,-29.92593765258789,-5.985187530517578,125288025,roberta-base
a tie is a type of clothing.,tie,clothing,35,-27.07153034210205,-3.3839412927627563,125288025,roberta-base
a girdle is a type of clothing.,girdle,clothing,36,-21.503674507141113,-2.1503674507141115,125288025,roberta-base
a belt is a type of clothing.,belt,clothing,37,-28.86802387237549,-3.608502984046936,125288025,roberta-base
a scarf is a type of clothing.,scarf,clothing,38,-22.243672370910645,-2.7804590463638306,125288025,roberta-base
mittens are clothes.,mittens,clothing,39,-40.68252229690552,-8.136504459381104,125288025,roberta-base
slippers are clothes.,slippers,clothing,40,-33.37836933135986,-6.675673866271973,125288025,roberta-base
a hat is a type of clothing.,hat,clothing,41,-23.542110443115234,-2.9427638053894043,125288025,roberta-base
overshoes are clothes.,overshoes,clothing,42,-31.530689239501953,-5.255114873250325,125288025,roberta-base
gloves are clothes.,gloves,clothing,43,-25.568848609924316,-5.1137697219848635,125288025,roberta-base
an apron is a type of clothing.,apron,clothing,44,-19.290520668029785,-2.1433911853366427,125288025,roberta-base
earmuffs are clothes.,earmuffs,clothing,45,-31.953063011169434,-5.325510501861572,125288025,roberta-base
a handkerchief is a type of clothing.,handkerchief,clothing,46,-21.34546661376953,-2.134546661376953,125288025,roberta-base
a purse is a type of clothing.,purse,clothing,47,-32.474549293518066,-4.059318661689758,125288025,roberta-base
a hairband is a type of clothing.,hairband,clothing,48,-26.183199882507324,-2.909244431389703,125288025,roberta-base
a ring is a type of clothing.,ring,clothing,49,-33.11000728607178,-4.138750910758972,125288025,roberta-base
earrings are clothes.,earrings,clothing,50,-29.83986473083496,-5.967972946166992,125288025,roberta-base
a watch is a type of clothing.,watch,clothing,51,-32.15169620513916,-4.018962025642395,125288025,roberta-base
cuff links are clothes.,cuff links,clothing,52,-48.1723051071167,-8.028717517852783,125288025,roberta-base
a necklace is a type of clothing.,necklace,clothing,53,-31.447508811950684,-3.9309386014938354,125288025,roberta-base
a bracelet is a type of clothing.,bracelet,clothing,54,-30.198877334594727,-3.774859666824341,125288025,roberta-base
a cane is a type of clothing.,cane,clothing,55,-38.6728458404541,-4.834105730056763,125288025,roberta-base
an automobile is a vehicle.,automobile,vehicle,1,-11.284648895263672,-1.8807748158772786,125288025,roberta-base
a station wagon is a vehicle.,station wagon,vehicle,2,-14.550368309020996,-2.0786240441458568,125288025,roberta-base
a truck is a vehicle.,truck,vehicle,3,-19.590426445007324,-3.265071074167887,125288025,roberta-base
a car is a vehicle.,car,vehicle,4,-13.84837532043457,-2.3080625534057617,125288025,roberta-base
bus are vehicles.,bus,vehicle,5,-36.17668342590332,-9.04417085647583,125288025,roberta-base
a taxi is a vehicle.,taxi,vehicle,6,-22.968974113464355,-3.828162352244059,125288025,roberta-base
a jeep is a vehicle.,jeep,vehicle,7,-17.71016025543213,-2.5300228936331615,125288025,roberta-base
an ambulance is a vehicle.,ambulance,vehicle,8,-21.42908763885498,-3.57151460647583,125288025,roberta-base
a motorcycle is a vehicle.,motorcycle,vehicle,9,-21.231348037719727,-3.538558006286621,125288025,roberta-base
a streetcar is a vehicle.,streetcar,vehicle,10,-24.295674324035645,-4.0492790540059405,125288025,roberta-base
a van is a vehicle.,van,vehicle,11,-18.121471405029297,-3.0202452341715493,125288025,roberta-base
a Honda is a vehicle.,Honda,vehicle,12,-23.673718452453613,-3.945619742075602,125288025,roberta-base
a cable car is a vehicle.,cable car,vehicle,13,-21.433637619018555,-3.061948231288365,125288025,roberta-base
a train is a vehicle.,train,vehicle,14,-26.404504776000977,-4.400750796000163,125288025,roberta-base
a trolley is a vehicle.,trolley,vehicle,15,-15.467879295349121,-2.2096970421927318,125288025,roberta-base
a bicycle is a vehicle.,bicycle,vehicle,16,-21.330134391784668,-3.555022398630778,125288025,roberta-base
a carriage is a vehicle.,carriage,vehicle,17,-21.349143028259277,-3.5581905047098794,125288025,roberta-base
an airplane is a vehicle.,airplane,vehicle,18,-19.642428398132324,-3.273738066355387,125288025,roberta-base
a bike is a vehicle.,bike,vehicle,19,-22.88767910003662,-3.814613183339437,125288025,roberta-base
a boat is a vehicle.,boat,vehicle,20,-24.712634086608887,-4.1187723477681475,125288025,roberta-base
a jet is a vehicle.,jet,vehicle,21,-30.04231834411621,-5.007053057352702,125288025,roberta-base
a ship is a vehicle.,ship,vehicle,22,-26.152785301208496,-4.358797550201416,125288025,roberta-base
a scooter is a vehicle.,scooter,vehicle,23,-16.159390449523926,-2.3084843499319896,125288025,roberta-base
a tractor is a vehicle.,tractor,vehicle,24,-22.604021072387695,-3.767336845397949,125288025,roberta-base
a wagon is a vehicle.,wagon,vehicle,25,-21.15209674835205,-3.5253494580586753,125288025,roberta-base
a subway is a vehicle.,subway,vehicle,26,-32.367613792419434,-5.394602298736572,125288025,roberta-base
a trailer is a vehicle.,trailer,vehicle,27,-25.36535358428955,-4.227558930714925,125288025,roberta-base
a cart is a vehicle.,cart,vehicle,28,-23.18292236328125,-3.8638203938802085,125288025,roberta-base
a wheelchair is a vehicle.,wheelchair,vehicle,29,-25.183363914489746,-4.197227319081624,125288025,roberta-base
a yacht is a vehicle.,yacht,vehicle,30,-26.448822021484375,-4.4081370035807295,125288025,roberta-base
a tank is a vehicle.,tank,vehicle,31,-22.87704086303711,-3.812840143839518,125288025,roberta-base
a go-cart is a vehicle.,go-cart,vehicle,32,-15.74910831451416,-1.96863853931427,125288025,roberta-base
a rowboat is a vehicle.,rowboat,vehicle,33,-19.26511001586914,-2.7521585736955916,125288025,roberta-base
a dogsled is a vehicle.,dogsled,vehicle,34,-38.34030055999756,-5.477185794285366,125288025,roberta-base
a tricycle is a vehicle.,tricycle,vehicle,35,-15.269295692443848,-2.1813279560634067,125288025,roberta-base
a canoe is a vehicle.,canoe,vehicle,36,-26.48264789581299,-4.413774649302165,125288025,roberta-base
a raft is a vehicle.,raft,vehicle,37,-27.617316246032715,-4.602886041005452,125288025,roberta-base
a submarine is a vehicle.,submarine,vehicle,38,-27.85797691345215,-4.642996152242024,125288025,roberta-base
a sled is a vehicle.,sled,vehicle,39,-27.2839994430542,-4.547333240509033,125288025,roberta-base
a horse is a vehicle.,horse,vehicle,40,-27.52919101715088,-4.5881985028584795,125288025,roberta-base
a rocket is a vehicle.,rocket,vehicle,41,-26.76047420501709,-4.460079034169515,125288025,roberta-base
a blimp is a vehicle.,blimp,vehicle,42,-18.977686882019043,-2.7110981260027205,125288025,roberta-base
skates are vehicles.,skates,vehicle,43,-37.70289897918701,-7.540579795837402,125288025,roberta-base
a camel is a vehicle.,camel,vehicle,44,-31.359129905700684,-5.226521650950114,125288025,roberta-base
feet are vehicles.,feet,vehicle,45,-35.52379035949707,-8.880947589874268,125288025,roberta-base
skis are vehicles.,skis,vehicle,46,-33.84617042541504,-6.769234085083008,125288025,roberta-base
a skateboard is a vehicle.,skateboard,vehicle,47,-14.92055606842041,-2.131508009774344,125288025,roberta-base
a wheelbarrow is a vehicle.,wheelbarrow,vehicle,48,-16.82465362548828,-2.103081703186035,125288025,roberta-base
a surfboard is a vehicle.,surfboard,vehicle,49,-23.29971933364868,-3.328531333378383,125288025,roberta-base
an elevator is a vehicle.,elevator,vehicle,50,-23.653377532958984,-3.9422295888264975,125288025,roberta-base
a chair is a type of furniture.,chair,furniture,1,-22.272768020629883,-2.7840960025787354,125288025,roberta-base
a sofa is a type of furniture.,sofa,furniture,2,-18.374886512756348,-2.2968608140945435,125288025,roberta-base
a couch is a type of furniture.,couch,furniture,3,-19.78932476043701,-2.4736655950546265,125288025,roberta-base
a table is a type of furniture.,table,furniture,4,-27.10824966430664,-3.38853120803833,125288025,roberta-base
an easy chair is a type of furniture.,easy chair,furniture,5,-27.84535789489746,-3.093928654988607,125288025,roberta-base
a dresser is a type of furniture.,dresser,furniture,6,-21.24251365661621,-2.360279295179579,125288025,roberta-base
a rocking chair is a type of furniture.,rocking chair,furniture,7,-20.229427337646484,-2.247714148627387,125288025,roberta-base
a coffee table is a type of furniture.,coffee table,furniture,8,-18.74123477935791,-2.0823594199286566,125288025,roberta-base
a rocker is a type of furniture.,rocker,furniture,9,-34.948126792907715,-3.8831251992119684,125288025,roberta-base
a love seat is a type of furniture.,love seat,furniture,10,-23.059609413146973,-2.5621788236829968,125288025,roberta-base
chest of drawers are furniture.,chest of drawers,furniture,11,-39.457950592041016,-5.636850084577288,125288025,roberta-base
a desk is a type of furniture.,desk,furniture,12,-22.410531997680664,-2.801316499710083,125288025,roberta-base
a bed is a type of furniture.,bed,furniture,13,-22.640870094299316,-2.8301087617874146,125288025,roberta-base
a bureau is a type of furniture.,bureau,furniture,14,-34.45975399017334,-4.3074692487716675,125288025,roberta-base
a davenport is a type of furniture.,davenport,furniture,15,-24.229740142822266,-2.4229740142822265,125288025,roberta-base
an end table is a type of furniture.,end table,furniture,16,-26.513922691345215,-2.9459914101494684,125288025,roberta-base
a divan is a type of furniture.,divan,furniture,17,-24.662800788879395,-2.740311198764377,125288025,roberta-base
a night table is a type of furniture.,night table,furniture,18,-32.307888984680176,-3.589765442742242,125288025,roberta-base
a chest is a type of furniture.,chest,furniture,19,-32.923545837402344,-4.115443229675293,125288025,roberta-base
a cedar chest is a type of furniture.,cedar chest,furniture,20,-20.62267303466797,-2.062267303466797,125288025,roberta-base
a vanity is a type of furniture.,vanity,furniture,21,-35.764915466308594,-4.470614433288574,125288025,roberta-base
a bookcase is a type of furniture.,bookcase,furniture,22,-21.63529682159424,-2.4039218690660267,125288025,roberta-base
a lounge is a type of furniture.,lounge,furniture,23,-31.305720329284668,-3.9132150411605835,125288025,roberta-base
a chaise lounge is a type of furniture.,chaise lounge,furniture,24,-22.732672691345215,-2.2732672691345215,125288025,roberta-base
an ottoman is a type of furniture.,ottoman,furniture,25,-17.930935859680176,-1.7930935859680175,125288025,roberta-base
a footstool is a type of furniture.,footstool,furniture,26,-19.823637008666992,-1.9823637008666992,125288025,roberta-base
a cabinet is a type of furniture.,cabinet,furniture,27,-21.506434440612793,-2.688304305076599,125288025,roberta-base
a china closet is a type of furniture.,china closet,furniture,28,-29.51277446746826,-2.9512774467468263,125288025,roberta-base
a bench is a type of furniture.,bench,furniture,29,-22.782337188720703,-2.847792148590088,125288025,roberta-base
a buffet is a type of furniture.,buffet,furniture,30,-32.488643646240234,-4.061080455780029,125288025,roberta-base
a lamp is a type of furniture.,lamp,furniture,31,-28.687734603881836,-3.5859668254852295,125288025,roberta-base
a stool is a type of furniture.,stool,furniture,32,-28.198824882507324,-3.5248531103134155,125288025,roberta-base
a hassock is a type of furniture.,hassock,furniture,33,-29.883240699768066,-2.9883240699768066,125288025,roberta-base
drawers are furniture.,drawers,furniture,34,-33.1793212890625,-6.6358642578125,125288025,roberta-base
a piano is a type of furniture.,piano,furniture,35,-30.759928703308105,-3.844991087913513,125288025,roberta-base
a cushion is a type of furniture.,cushion,furniture,36,-25.122005462646484,-3.1402506828308105,125288025,roberta-base
a magazine rack is a type of furniture.,magazine rack,furniture,37,-31.700976371765137,-3.522330707973904,125288025,roberta-base
a hi-fi is a type of furniture.,hi-fi,furniture,38,-23.1759672164917,-2.3175967216491697,125288025,roberta-base
a cupboard is a type of furniture.,cupboard,furniture,39,-20.97689723968506,-2.3307663599650064,125288025,roberta-base
a stereo is a type of furniture.,stereo,furniture,40,-34.43725872039795,-4.304657340049744,125288025,roberta-base
a mirror is a type of furniture.,mirror,furniture,41,-32.645240783691406,-4.080655097961426,125288025,roberta-base
a television is a type of furniture.,television,furniture,42,-32.32241249084473,-4.040301561355591,125288025,roberta-base
a bar is a type of furniture.,bar,furniture,43,-28.30147361755371,-3.537684202194214,125288025,roberta-base
a shelf is a type of furniture.,shelf,furniture,44,-25.187620162963867,-3.1484525203704834,125288025,roberta-base
a rug is a type of furniture.,rug,furniture,45,-23.266072273254395,-2.9082590341567993,125288025,roberta-base
a pillow is a type of furniture.,pillow,furniture,46,-27.806396484375,-3.475799560546875,125288025,roberta-base
a wastebasket is a type of furniture.,wastebasket,furniture,47,-21.945833206176758,-2.1945833206176757,125288025,roberta-base
a radio is a type of furniture.,radio,furniture,48,-39.59608459472656,-4.94951057434082,125288025,roberta-base
a sewing machine is a type of furniture.,sewing machine,furniture,49,-26.62630558013916,-2.95847839779324,125288025,roberta-base
a stove is a type of furniture.,stove,furniture,50,-29.707319259643555,-3.7134149074554443,125288025,roberta-base
a counter is a type of furniture.,counter,furniture,51,-35.9530553817749,-4.494131922721863,125288025,roberta-base
a clock is a type of furniture.,clock,furniture,52,-39.009904861450195,-4.876238107681274,125288025,roberta-base
drapes are furniture.,drapes,furniture,53,-28.50179100036621,-4.750298500061035,125288025,roberta-base
a refrigerator is a type of furniture.,refrigerator,furniture,54,-27.733450889587402,-3.4666813611984253,125288025,roberta-base
a picture is a type of furniture.,picture,furniture,55,-45.307108879089355,-5.663388609886169,125288025,roberta-base
a closet is a type of furniture.,closet,furniture,56,-27.19235610961914,-3.3990445137023926,125288025,roberta-base
a vase is a type of furniture.,vase,furniture,57,-21.911742210388184,-2.434638023376465,125288025,roberta-base
an ashtray is a type of furniture.,ashtray,furniture,58,-19.963722229003906,-1.9963722229003906,125288025,roberta-base
a fan is a type of furniture.,fan,furniture,59,-35.68910217285156,-4.461137771606445,125288025,roberta-base
a telephone is a type of furniture.,telephone,furniture,60,-36.7488374710083,-4.593604683876038,125288025,roberta-base
a gun is a weapon.,gun,weapon,1,-11.256036758422852,-1.8760061264038086,125288025,roberta-base
a pistol is a weapon.,pistol,weapon,2,-13.950289726257324,-2.325048287709554,125288025,roberta-base
a revolver is a weapon.,revolver,weapon,3,-17.47019100189209,-2.911698500315348,125288025,roberta-base
a machine gun is a weapon.,machine gun,weapon,4,-9.391565322875977,-1.3416521889822823,125288025,roberta-base
a rifle is a weapon.,rifle,weapon,5,-13.481111526489258,-2.246851921081543,125288025,roberta-base
a switchblade is a weapon.,switchblade,weapon,6,-10.718462944030762,-1.5312089920043945,125288025,roberta-base
a knife is a weapon.,knife,weapon,7,-9.423361778259277,-1.5705602963765461,125288025,roberta-base
a dagger is a weapon.,dagger,weapon,8,-14.111312866210938,-2.3518854777018228,125288025,roberta-base
a shotgun is a weapon.,shotgun,weapon,9,-16.478232383728027,-2.7463720639546714,125288025,roberta-base
a sword is a weapon.,sword,weapon,10,-11.674051284790039,-1.945675214131673,125288025,roberta-base
a bomb is a weapon.,bomb,weapon,11,-16.94972324371338,-2.82495387395223,125288025,roberta-base
a hand grenade is a weapon.,hand grenade,weapon,12,-12.906187057495117,-1.843741008213588,125288025,roberta-base
an A-bomb is a weapon.,A-bomb,weapon,13,-17.14528465270996,-2.143160581588745,125288025,roberta-base
a bayonet is a weapon.,bayonet,weapon,14,-9.239005088806152,-1.3198578698294503,125288025,roberta-base
a spear is a weapon.,spear,weapon,15,-15.546171188354492,-2.5910285313924155,125288025,roberta-base
a bazooka is a weapon.,bazooka,weapon,16,-15.216500282287598,-1.6907222535875108,125288025,roberta-base
a cannon is a weapon.,cannon,weapon,17,-18.986842155456543,-3.1644736925760903,125288025,roberta-base
a bow and arrow is a weapon.,bow and arrow,weapon,18,-11.441509246826172,-1.4301886558532715,125288025,roberta-base
a club is a weapon.,club,weapon,19,-26.714211463928223,-4.45236857732137,125288025,roberta-base
a lance is a weapon.,lance,weapon,20,-15.008898735046387,-2.1441283907209123,125288025,roberta-base
brass knuckles are weapons.,brass knuckles,weapon,21,-26.731886863708496,-3.818840980529785,125288025,roberta-base
a bullet is a weapon.,bullet,weapon,22,-18.81769847869873,-3.1362830797831216,125288025,roberta-base
a tomahawk is a weapon.,tomahawk,weapon,23,-10.391167640686035,-1.2988959550857544,125288025,roberta-base
a mortar is a weapon.,mortar,weapon,24,-20.0850248336792,-3.347504138946533,125288025,roberta-base
an arrow is a weapon.,arrow,weapon,25,-12.644967079162598,-2.107494513193766,125288025,roberta-base
a blackjack is a weapon.,blackjack,weapon,26,-23.67457103729248,-3.3820815767560686,125288025,roberta-base
a tank is a weapon.,tank,weapon,27,-20.468904495239258,-3.4114840825398765,125288025,roberta-base
teargas are weapons.,teargas,weapon,28,-33.05849838256836,-5.50974973042806,125288025,roberta-base
a missile is a weapon.,missile,weapon,29,-16.809056282043457,-2.801509380340576,125288025,roberta-base
a whip is a weapon.,whip,weapon,30,-24.17541790008545,-4.029236316680908,125288025,roberta-base
an ice pick is a weapon.,ice pick,weapon,31,-20.346864700317383,-2.9066949571881975,125288025,roberta-base
a hatchet is a weapon.,hatchet,weapon,32,-9.095129013061523,-1.2993041447230749,125288025,roberta-base
a slingshot is a weapon.,slingshot,weapon,33,-11.412332534790039,-1.4265415668487549,125288025,roberta-base
a fist is a weapon.,fist,weapon,34,-22.44004726409912,-3.7400078773498535,125288025,roberta-base
an axe is a weapon.,axe,weapon,35,-11.882976531982422,-1.980496088663737,125288025,roberta-base
a bow is a weapon.,bow,weapon,36,-14.57715129852295,-2.4295252164204917,125288025,roberta-base
a razor is a weapon.,razor,weapon,37,-19.393372535705566,-3.2322287559509277,125288025,roberta-base
a razor blade is a weapon.,razor blade,weapon,38,-11.578700065612793,-1.654100009373256,125288025,roberta-base
a rocket is a weapon.,rocket,weapon,39,-19.629579544067383,-3.271596590677897,125288025,roberta-base
a judo is a weapon.,judo,weapon,40,-19.12319850921631,-2.7318855013166154,125288025,roberta-base
a stick is a weapon.,stick,weapon,41,-20.087430953979492,-3.347905158996582,125288025,roberta-base
a poison is a weapon.,poison,weapon,42,-22.282411575317383,-3.713735262552897,125288025,roberta-base
a rock is a weapon.,rock,weapon,43,-23.348383903503418,-3.89139731725057,125288025,roberta-base
a stone is a weapon.,stone,weapon,44,-19.47505283355713,-3.245842138926188,125288025,roberta-base
gas are weapons.,gas,weapon,45,-32.11984634399414,-8.029961585998535,125288025,roberta-base
a chain is a weapon.,chain,weapon,46,-23.34857177734375,-3.8914286295572915,125288025,roberta-base
a scissors is a weapon.,scissors,weapon,47,-24.131787300109863,-4.0219645500183105,125288025,roberta-base
bricks are weapons.,bricks,weapon,48,-26.123499870300293,-5.224699974060059,125288025,roberta-base
a pitchfork is a weapon.,pitchfork,weapon,49,-11.385851860046387,-1.6265502657209123,125288025,roberta-base
a hammer is a weapon.,hammer,weapon,50,-15.56808853149414,-2.59468142191569,125288025,roberta-base
a word is a weapon.,word,weapon,51,-27.69946575164795,-4.616577625274658,125288025,roberta-base
a hand is a weapon.,hand,weapon,52,-29.12629795074463,-4.8543829917907715,125288025,roberta-base
a pipe is a weapon.,pipe,weapon,53,-24.251132011413574,-4.041855335235596,125288025,roberta-base
a rope is a weapon.,rope,weapon,54,-21.12972927093506,-3.5216215451558432,125288025,roberta-base
an airplane is a weapon.,airplane,weapon,55,-17.414780616760254,-2.902463436126709,125288025,roberta-base
a foot is a weapon.,foot,weapon,56,-29.935579299926758,-4.98926321665446,125288025,roberta-base
a car is a weapon.,car,weapon,57,-24.95298957824707,-4.158831596374512,125288025,roberta-base
a screwdriver is a weapon.,screwdriver,weapon,58,-11.885634422302246,-1.6979477746146066,125288025,roberta-base
glass are weapons.,glass,weapon,59,-33.94404315948486,-8.486010789871216,125288025,roberta-base
a shoe is a weapon.,shoe,weapon,60,-21.520057678222656,-3.586676279703776,125288025,roberta-base
