word1,word2,rel,determiner1,buffer,determiner2,plural1,bufferp,plural2,problem
competence,ability,hyp-1,competence,is,an ability,competences,are,abilities,
leadership,ability,hyp-1,leadership,is,an ability,leaderships,are,abilities,2
strength,ability,hyp-2,strength,is,an ability,strengths,are,abilities,
talent,ability,hyp-3,talent,is,an ability,talents,are,abilities,
goal,achievement,hyp-4,a goal,is,an achievement,goals,are,achievements,
vinegar,acid,hyp-3,a vinegar,is,an acid,vinegars,are,acids,
impression,act,hyp-4,an impression,is,an act,impressions,are,acts,
motion,action,hyp-2,a motion,is,an action,motions,are,actions,
basketball,activity,hyp-4,basketball,is,an activity,basketballs,are,activities,2
volleyball,activity,hyp-4,volleyball,is,an activity,volleyballs,are,activities,2
tennis,activity,hyp-4,tennis,is,an activity,tenniss,are,activities,2
hobby,activity,hyp-3,a hobby,is,an activity,hobbies,are,activities,
recreation,activity,hyp-1,recreation,is,an activity,recreations,are,activities,2
job,activity,hyp-1,job,is,an activity,jobs,are,activities,
movement,activity,hyp-4,movement,is,an activity,movements,are,activities,
exercise,activity,hyp-4,an exercise,is,an activity,exercises,are,activities,
sport,activity,hyp-2,a sport,is,an activity,sports,are,activities,
extension,addition,hyp-1,an extension,is,an addition,extensions,are,additions,
mother,adult,hyp-3,a mother,is,an adult,mothers,are,adults,
foe,adversary,hyp-1,a foe,is,an adversary,foes,are,adversaries,
commercial,advertisement,hyp-1,a commercial,is,an advertisement,commercials,are,advertisements,
spy,agent,hyp-2,a spy,is,an agent,spies,are,agents,
contract,agreement,hyp-2,a contract,is,an agreement,contracts,are,agreements,
airplane,aircraft,hyp-2,an airplane,is,an aircraft,airplanes,are,aircrafts,
anisette,alcohol,hyp-2,an anisette,is,an alcohol,anisettes,are,alcohols,
bourbon,alcohol,hyp-3,a bourbon,is,an alcohol,bourbons,are,alcohols,
rum,alcohol,hyp-2,a rum,is,an alcohol,rums,are,alcohols,
beer,alcohol,hyp-2,a beer,is,an alcohol,beers,are,alcohols,
barrier,wall,r-hyp-2,a barrier,is,a wall,barriers,are,walls,
hundred,amount,hyp-4,a hundred,is,an amount,hundreds,are,amounts,
quotient,amount,hyp-3,a quotient,is,an amount,quotients,are,amounts,
pint,amount,hyp-4,a pint,is,an amount,pints,are,amounts,
portion,amount,hyp-3,a portion,is,an amount,portions,are,amounts,
value,amount,hyp-1,a value,is,an amount,values,are,amounts,
beast,monster,r-hyp-4,a beast,is,a monster,beasts,are,monsters,
father,ancestor,hyp-4,a father,is,an ancestor,fathers,are,ancestors,2
parent,ancestor,hyp-3,a parent,is,an ancestor,parents,are,ancestors,
frustration,anger,hyp-2,a frustration,is,an anger,frustrations,are,angers,2
fury,anger,hyp-1,a fury,is,an anger,furies,are,angers,2
duck,animal,hyp-4,a duck,is,an animal,ducks,are,animals,
elephant,animal,hyp-4,an elephant,is,an animal,elephants,are,animals,
cow,animal,hyp-4,a cow,is,an animal,cows,are,animals,
snake,animal,hyp-4,a snake,is,an animal,snakes,are,animals,
human,animal,hyp-4,a human,is,an animal,humans,are,animals,
skunk,animal,hyp-4,a skunk,is,an animal,skunks,are,animals,
snail,animal,hyp-4,a snail,is,an animal,snails,are,animals,
monkey,animal,hyp-4,a monkey,is,an animal,monkeys,are,animals,
mongoose,animal,hyp-4,a mongoose,is,an animal,mongooses,are,animals,
doe,animal,hyp-4,a doe,is,an animal,does,are,animals,
reptile,animal,hyp-3,a reptile,is,an animal,reptiles,are,animals,
lizard,animal,hyp-4,a lizard,is,an animal,lizards,are,animals,
puppy,animal,hyp-3,a puppy,is,an animal,puppies,are,animals,
anteater,animal,hyp-4,an anteater,is,an animal,anteaters,are,animals,
goose,animal,hyp-4,a goose,is,an animal,geese,are,animals,
bat,animal,hyp-4,a bat,is,an animal,bats,are,animals,
dinosaur,animal,hyp-4,a dinosaur,is,an animal,dinosaurs,are,animals,
owl,animal,hyp-4,an owl,is,an animal,owls,are,animals,
calf,animal,hyp-3,a calf,is,an animal,calves,are,animals,
rat,animal,hyp-4,a rat,is,an animal,rats,are,animals,
frog,animal,hyp-4,a frog,is,an animal,frogs,are,animals,
fox,animal,hyp-4,a fox,is,an animal,foxes,are,animals,
mink,animal,hyp-4,a mink,is,an animal,minks,are,animals,
quail,animal,hyp-4,a quail,is,an animal,quails,are,animals,
cat,animal,hyp-4,a cat,is,an animal,cats,are,animals,
mouse,animal,hyp-4,a mouse,is,an animal,mice,are,animals,
tortoise,animal,hyp-4,a tortoise,is,an animal,tortoises,are,animals,
swan,animal,hyp-4,a swan,is,an animal,swans,are,animals,
kangaroo,animal,hyp-4,a kangaroo,is,an animal,kangaroos,are,animals,
mole,animal,hyp-4,a mole,is,an animal,moles,are,animals,
beaver,animal,hyp-4,a beaver,is,an animal,beavers,are,animals,
dog,animal,hyp-2,a dog,is,an animal,dogs,are,animals,
camel,animal,hyp-4,a camel,is,an animal,camels,are,animals,
lamb,animal,hyp-3,a lamb,is,an animal,lambs,are,animals,
primate,animal,hyp-4,a primate,is,an animal,primates,are,animals,
otter,animal,hyp-4,an otter,is,an animal,otters,are,animals,
seal,animal,hyp-4,a seal,is,an animal,seals,are,animals,
rabbit,animal,hyp-4,a rabbit,is,an animal,rabbits,are,animals,
penguin,animal,hyp-4,a penguin,is,an animal,penguins,are,animals,
crab,animal,hyp-4,a crab,is,an animal,crabs,are,animals,
alligator,animal,hyp-4,an alligator,is,an animal,alligators,are,animals,
aardvark,animal,hyp-4,an aardvark,is,an animal,aardvarks,are,animals,
mammal,animal,hyp-3,a mammal,is,an animal,mammals,are,animals,
possum,animal,hyp-4,a possum,is,an animal,possums,are,animals,
raccoon,animal,hyp-4,a raccoon,is,an animal,raccoons,are,animals,
wolf,animal,hyp-4,a wolf,is,an animal,wolves,are,animals,
cricket,animal,hyp-4,a cricket,is,an animal,crickets,are,animals,
crocodile,animal,hyp-4,a crocodile,is,an animal,crocodiles,are,animals,
belief,superstition,r-hyp-1,a belief,is,a superstition,beliefs,are,superstitions,
gorilla,ape,hyp-3,a gorilla,is,an ape,gorillas,are,apes,
beverage,beer,r-hyp-3,a beverage,is,a beer,beverages,are,beers,
washer,appliance,hyp-3,a washer,is,an appliance,washers,are,appliances,
dishwasher,appliance,hyp-3,a dishwasher,is,an appliance,dishwashers,are,appliances,
refrigerator,appliance,hyp-3,a refrigerator,is,an appliance,refrigerators,are,appliances,
toaster,appliance,hyp-3,a toaster,is,an appliance,toasters,are,appliances,
oven,appliance,hyp-3,an oven,is,an appliance,ovens,are,appliances,
microwave,appliance,hyp-3,a microwave,is,an appliance,microwaves,are,appliances,
praise,approval,hyp-1,a praise,is,an approval,praises,are,approvals,
beverage,soda,r-hyp-2,a beverage,is,a soda,beverages,are,sodas,
place,area,hyp-2,a place,is,an area,places,are,areas,
neighborhood,area,hyp-1,a neighborhood,is,an area,neighborhoods,are,areas,
shield,armor,hyp-1,a shield,is,an armor,shields,are,armor,
incense,aroma,hyp-1,an incense,is,an aroma,incenses,are,aromas,
painting,art,hyp-2,a painting,is,an art,paintings,are,arts,
statue,art,hyp-3,a statue,is,an art,statues,are,arts,
sculpture,art,hyp-2,a sculpture,is,an art,sculptures,are,arts,
painter,artist,hyp-1,a painter,is,an artist,painters,are,artists,
bird,gander,r-hyp-4,a bird,is,a gander,birds,are,ganders,
mission,assignment,hyp-1,a mission,is,an assignment,missions,are,assignments,
homework,assignment,hyp-2,a homework,is,an assignment,homeworks,are,assignments,
runner,athlete,hyp-1,a runner,is,an athlete,runners,are,athletes,
body,corpse,r-hyp-1,a body,is,a corpse,bodies,are,corpses,
focus,attention,hyp-2,focus,is,an attention,focuses,are,attentions,
bone,jaw,r-hyp-1,a bone,is,a jaw,bones,are,jaws,
police,authority,hyp-2,police,is,an authority,police,are,authorities,
book,atlas,r-hyp-2,a book,is,an atlas,books,are,atlases,
hatchet,ax,hyp-1,a hatchet,is,an ax,hatchets,are,axes,
football,ball,hyp-1,a football,is,a ball,footballs,are,balls,
book,encyclopedia,r-hyp-2,a book,is,an encyclopedia,books,are,encyclopedias,
wall,barrier,hyp-2,a wall,is,a barrier,walls,are,barriers,
building,cathedral,r-hyp-3,a building,is,a cathedral,buildings,are,cathedrals,
ape,beast,hyp-4,an ape,is,a beast,apes,are,beasts,
monster,beast,hyp-4,a monster,is,a beast,monsters,are,beasts,
hammock,bed,hyp-1,a hammock,is,a bed,hammocks,are,beds,
building,skyscraper,r-hyp-1,a building,is,a skyscraper,buildings,are,skyscrapers,
car,limousine,r-hyp-1,a car,is,a limousine,cars,are,limousines,
creation,beginning,hyp-1,a creation,is,a beginning,creations,are,beginnings,
god,being,hyp-4,a god,is,a being,gods,are,beings,
thought,belief,hyp-1,a thought,is,a belief,thoughts,are,beliefs,
religion,belief,hyp-1,a religion,is,a belief,religions,are,beliefs,
superstition,belief,hyp-1,a superstition,is,a belief,superstitions,are,beliefs,
blueberry,berry,hyp-1,a blueberry,is,a berry,blueberries,are,berries,
beer,beverage,hyp-3,a beer,is,a beverage,beers,are,beverages,
soda,beverage,hyp-2,a soda,is,a beverage,sodas,are,beverages,
crane,bird,hyp-3,a crane,is,a bird,cranes,are,birds,
robin,bird,hyp-4,a robin,is,a bird,robins,are,birds,
owl,bird,hyp-2,an owl,is,a bird,owls,are,birds,
goose,bird,hyp-4,a goose,is,a bird,geese,are,birds,
turkey,bird,hyp-3,a turkey,is,a bird,turkeys,are,birds,
penguin,bird,hyp-4,a penguin,is,a bird,penguins,are,birds,
seagull,bird,hyp-4,a seagull,is,a bird,seagulls,are,birds,
kite,bird,hyp-3,a kite,is,a bird,kites,are,birds,
dove,bird,hyp-4,a dove,is,a bird,doves,are,birds,
gull,bird,hyp-4,a gull,is,a bird,gulls,are,birds,
duck,bird,hyp-4,a duck,is,a bird,ducks,are,birds,
gander,bird,hyp-4,a gander,is,a bird,ganders,are,birds,
canary,bird,hyp-4,a canary,is,a bird,canaries,are,birds,
eagle,bird,hyp-2,an eagle,is,a bird,eagles,are,birds,
crow,bird,hyp-4,a crow,is,a bird,crows,are,birds,
canoe,boat,hyp-2,a canoe,is,a boat,canoes,are,boats,
corpse,body,hyp-1,a corpse,is,a body,corpses,are,bodies,
chain,bond,hyp-2,a chain,is,a bond,chains,are,bonds,
ceremony,funeral,r-hyp-1,a ceremony,is,a funeral,ceremonies,are,funerals,
jaw,bone,hyp-1,jaw,is,a bone,jaws,are,bones,
encyclopedia,book,hyp-2,an encyclopedia,is,a book,encyclopedias,are,books,
atlas,book,hyp-2,an atlas,is,a book,atlases,are,books,
almanac,book,hyp-3,an almanac,is,a book,almanacs,are,books,
guide,book,hyp-3,a guide,is,a book,guides,are,books,
journal,book,hyp-1,a journal,is,a book,journals,are,books,
thesaurus,book,hyp-3,a thesaurus,is,a book,thesauruses,are,books,
flask,bottle,hyp-1,a flask,is,a bottle,flasks,are,bottles,
ceremony,graduation,r-hyp-2,a ceremony,is,a graduation,ceremonies,are,graduations,
chief,executive,r-hyp-1,a chief,is,an executive,chiefs,are,executives,
casket,box,hyp-1,a casket,is,a box,caskets,are,boxes,
twig,branch,hyp-1,a twig,is,a branch,twigs,are,branches,
bouillon,broth,hyp-1,a bouillon,is,a broth,bouillons,are,broths,
child,daughter,r-hyp-2,a child,is,a daughter,children,are,daughters,
skyscraper,building,hyp-1,a skyscraper,is,a building,skyscrapers,are,buildings,
cathedral,building,hyp-3,a cathedral,is,a building,cathedrals,are,buildings,
cleaner,soap,r-hyp-1,a cleaner,is,a soap,cleaners,are,soaps,
corporation,business,hyp-2,a corporation,is,a business,corporations,are,businesses,
club,fraternity,r-hyp-1,a club,is,a fraternity,clubs,are,fraternities,
lollipop,candy,hyp-1,a lollipop,is,a candy,lollipops,are,candies,
hostage,captive,hyp-1,a hostage,is,a captive,hostages,are,captives,
communication,conversation,r-hyp-3,a communication,is,a conversation,communication,are,conversations,
limousine,car,hyp-1,a limousine,is,a car,limousines,are,cars,
spade,card,hyp-2,a spade,is,a card,spades,are,cards,
jack,card,hyp-3,a jack,is,a card,jacks,are,cards,
joker,card,hyp-2,a joker,is,a card,jokers,are,cards,
communication,language,r-hyp-1,a communication,is,a language,communications,are,languages,
competition,race,r-hyp-1,a competition,is,a race,competitions,are,races,
conflict,disagreement,r-hyp-1,a conflict,is,a disagreement,conflicts,are,disagreements,
panther,cat,hyp-1,a panther,is,a cat,panthers,are,cats,
cougar,cat,hyp-2,a cougar,is,a cat,cougars,are,cats,
conflict,war,r-hyp-1,a conflict,is,a war,conflicts,are,wars,
beef,cattle,hyp-1,a beef,is,a cattle,beefs,are,cattle,3
remedy,cause,hyp-4,a remedy,is,a cause,remedies,are,causes,
cavern,cave,hyp-1,a cavern,is,a cave,caverns,are,caves,
dungeon,cell,hyp-1,a dungeon,is,a cell,dungeons,are,cells,
oat,cereal,hyp-1,oat,is,a cereal,oats,are,cereals,
wheat,cereal,hyp-1,wheat,is,a cereal,wheats,are,cereals,
mass,ceremony,hyp-2,a mass,is,a ceremony,masses,are,ceremonies,
funeral,ceremony,hyp-1,a funeral,is,a ceremony,funerals,are,ceremonies,
graduation,ceremony,hyp-2,a graduation,is,a ceremony,graduations,are,ceremonies,
container,flask,r-hyp-3,a container,is,a flask,containers,are,flasks,
vault,chamber,hyp-2,a vault,is,a chamber,vaults,are,chambers,
letter,character,hyp-1,a letter,is,a character,letters,are,characters,
courage,grit,r-hyp-2,a courage,is,a grit,courages,are,grits,
craft,knitting,r-hyp-2,a craft,is,a knitting,craft,are,knittings,
rooster,chicken,hyp-1,a rooster,is,a chicken,roosters,are,chickens,
hen,chicken,hyp-1,a hen,is,a chicken,hens,are,chickens,
executive,chief,hyp-1,an executive,is,a chief,executives,are,chiefs,
girl,child,hyp-2,a girl,is,a child,girls,are,children,
boy,child,hyp-2,a boy,is,a child,boys,are,children,
daughter,child,hyp-2,a daughter,is,a child,daughters,are,children,
son,child,hyp-2,a son,is,a child,sons,are,children,
creator,artist,r-hyp-1,a creator,is,an artist,creators,are,artists,
creature,bug,r-hyp-4,a creature,is,a bug,creatures,are,bugs,
lemon,citrus,hyp-1,a lemon,is,citrus,lemons,are,citruses,
soap,cleaner,hyp-1,a soap,is,a cleaner,soaps,are,cleaners,
detergent,cleaner,hyp-1,a detergent,is,a cleaner,detergents,are,cleaners,
creature,wolf,r-hyp-4,a creature,is,a wolf,creatures,are,wolves,
cape,cloak,hyp-1,a cape,is,a cloak,capes,are,cloaks,
bandanna,cloth,hyp-3,a bandanna,is,a cloth,bandannas,are,cloths,
wool,cloth,hyp-1,a wool,is,a cloth,wools,are,cloths,
mist,cloud,hyp-3,a mist,is,a cloud,mists,are,clouds,
bat,club,hyp-1,a bat,is,a club,bats,are,clubs,
fraternity,club,hyp-1,a fraternity,is,a club,fraternities,are,clubs,
penny,coin,hyp-1,a penny,is,a coin,pennies,are,coins,
blue,color,hyp-2,blue,is,a color,blues,are,colors,2
maroon,color,hyp-4,maroon,is,a color,maroons,are,colors,2
engagement,commitment,hyp-2,an engagement,is,a commitment,engagements,are,commitments,
conversation,communication,hyp-3,a conversation,is,a communication,conversations,are,communications,
language,communication,hyp-1,a language,is,a communication,languages,are,communications,3
race,competition,hyp-1,a race,is,a competition,races,are,competitions,
crook,burglar,r-hyp-2,a crook,is,a burglar,crooks,are,burglars,
trauma,condition,hyp-2,a trauma,is,a condition,traumas,are,conditions,
deception,fraud,r-hyp-2,a deception,is,a fraud,deceptions,are,frauds,
war,conflict,hyp-1,a war,is,a conflict,wars,are,conflicts,
argument,conflict,hyp-1,an argument,is,a conflict,arguments,are,conflicts,
disagreement,conflict,hyp-1,a disagreement,is,a conflict,disagreements,are,conflicts,
dilemma,confusion,hyp-2,a dilemma,is,a confusion,dilemmas,are,confusions,
jug,container,hyp-3,a jug,is,a container,jugs,are,containers,
bucket,container,hyp-2,a bucket,is,a container,buckets,are,containers,
flask,container,hyp-3,a flask,is,a container,flasks,are,containers,
pitcher,container,hyp-2,a pitcher,is,a container,pitchers,are,containers,
jar,container,hyp-2,a jar,is,a container,jars,are,containers,
cup,container,hyp-1,a cup,is,a container,cups,are,containers,
keg,container,hyp-3,a keg,is,a container,kegs,are,containers,
bottle,container,hyp-2,a bottle,is,a container,bottles,are,containers,
lease,contract,hyp-1,a lease,is,a contract,leases,are,contracts,
device,phone,r-hyp-4,a device,is,a phone,devices,are,phones,
disease,cancer,r-hyp-3,a disease,is,a cancer,diseases,are,cancers,
doctor,surgeon,r-hyp-1,a doctor,is,a surgeon,doctors,are,surgeons,
drawing,sketch,r-hyp-1,a drawing,is,a sketch,drawings,are,sketches,
grit,courage,hyp-2,a grit,is,a courage,grits,are,courages,
knitting,craft,hyp-2,a knitting,is,a craft,knittings,are,craft,
plane,craft,hyp-3,a plane,is,a craft,planes,are,craft,
designer,creator,hyp-1,a designer,is,a creator,designers,are,creators,
manufacturer,creator,hyp-2,a manufacturer,is,a creator,manufacturers,are,creators,
artist,creator,hyp-1,an artist,is,a creator,artists,are,creators,
author,creator,hyp-2,an author,is,a creator,authors,are,creators,
wolf,creature,hyp-4,a wolf,is,a creature,wolves,are,creatures,
bug,creature,hyp-4,a bug,is,a creature,bugs,are,creatures,
lizard,creature,hyp-4,a lizard,is,a creature,lizards,are,creatures,
octopus,creature,hyp-4,an octopus,is,a creature,octopuses,are,creatures,
dinosaur,creature,hyp-4,a dinosaur,is,a creature,dinosaurs,are,creatures,
theft,crime,hyp-2,a theft,is,a crime,thefts,are,crimes,
rape,crime,hyp-3,a rape,is,a crime,rapes,are,crimes,
burglar,crook,hyp-2,a burglar,is,a crook,burglars,are,crooks,
thief,crook,hyp-1,a thief,is,a crook,thiefs,are,crooks,
diamond,crystal,hyp-3,a diamond,is,a crystal,diamonds,are,crystals,
ruby,crystal,hyp-3,a ruby,is,a crystal,rubies,are,crystals,
beaker,cup,hyp-1,a beaker,is,a cup,beakers,are,cups,
ointment,cure,hyp-1,an ointment,is,a cure,ointments,are,cures,
antidote,cure,hyp-1,an antidote,is,a cure,antidotes,are,cures,
ritual,custom,hyp-1,a ritual,is,a custom,rituals,are,customs,
duty,task,r-hyp-1,a duty,is,a task,duties,are,tasks,
fabric,cotton,r-hyp-1,a fabric,is,a cotton,fabrics,are,cottons,
ballerina,dancer,hyp-2,a ballerina,is,a dancer,ballerinas,are,dancers,
fabric,silk,r-hyp-1,a fabric,is,a silk,fabrics,are,silks,
fraud,deception,hyp-2,a fraud,is,a deception,frauds,are,deceptions,
stag,deer,hyp-2,a stag,is,a deer,stags,are,deer,
elk,deer,hyp-1,an elk,is,a deer,elks,are,deer,
pudding,dessert,hyp-1,a pudding,is,a dessert,puddings,are,desserts,
phone,device,hyp-4,a phone,is,a device,phones,are,devices,
feeling,anxiety,r-hyp-2,a feeling,is,an anxiety,feelings,are,anxieties,1
problem,difficulty,hyp-1,a problem,is,a difficulty,problems,are,difficulties,
feeling,ecstasy,r-hyp-3,a feeling,is,an ecstasy,feelings,are,ecstasies,
north,direction,hyp-3,north,is,a direction,norths,are,directions,2
south,direction,hyp-3,south,is,a direction,souths,are,directions,
west,direction,hyp-3,west,is,a direction,wests,are,directions,
mud,dirt,hyp-1,mud,is,a dirt,muds,are,dirts,2
feeling,empathy,r-hyp-2,a feeling,is,an empathy,feelings,are,empathies,
science,discipline,hyp-1,science,is,a discipline,sciences,are,disciplines,
cancer,disease,hyp-3,a cancer,is,a disease,cancers,are,diseases,
feeling,jealousy,r-hyp-4,a feeling,is,a jealousy,feelings,are,jealousies,
anarchy,disorder,hyp-1,anarchy,is,a disorder,anarchies,are,disorders,
trench,ditch,hyp-1,a trench,is,a ditch,trenches,are,ditches,
surgeon,doctor,hyp-1,a surgeon,is,a doctor,surgeons,are,doctors,
contract,document,hyp-3,a contract,is,a document,contracts,are,documents,
constitution,document,hyp-3,a constitution,is,a document,constitutions,are,documents,
figure,statue,r-hyp-3,a figure,is,a statue,figures,are,statues,
finger,thumb,r-hyp-1,a finger,is,a thumb,fingers,are,thumbs,
fish,bass,r-hyp-4,a fish,is,a bass,fish,are,basses,
land,domain,hyp-1,a land,is,a domain,lands,are,domains,
math,domain,hyp-3,math,is,a domain,maths,are,domains,
pastry,dough,hyp-1,a pastry,is,a dough,pastries,are,doughs,3
sketch,drawing,hyp-1,a sketch,is,a drawing,sketches,are,drawings,
nightmare,dream,hyp-1,a nightmare,is,a dream,nightmares,are,dreams,
tuxedo,dress,hyp-2,a tuxedo,is,a dress,tuxedoes,are,dresses,
pill,drug,hyp-3,a pill,is,a drug,pills,are,drugs,
aspirin,drug,hyp-3,an aspirin,is,a drug,aspirins,are,drugs,
medicine,drug,hyp-1,a medicine,is,a drug,medicines,are,drugs,
antidote,drug,hyp-3,an antidote,is,a drug,antidotes,are,drugs,
fish,shark,r-hyp-3,a fish,is,a shark,fish,are,sharks,
mission,duty,hyp-2,a mission,is,a duty,missions,are,duties,
task,duty,hyp-1,a task,is,a duty,tasks,are,duties,
flower,orchid,r-hyp-1,a flower,is,an orchid,flowers,are,orchids,
soil,earth,hyp-1,soil,is,earth,soils,are,earths,2
fluid,water,r-hyp-2,a fluid,is,a water,fluids,are,waters,
threshold,edge,hyp-1,a threshold,is,an edge,thresholds,are,edges,
school,education,hyp-1,a school,is,an education,schools,are,educations,3
reaction,effect,hyp-2,a reaction,is,an effect,reactions,are,effects,
food,barley,r-hyp-3,a food,is,a barley,foods,are,barleys,2
food,pie,r-hyp-3,a food,is,a pie,foods,are,pies,
nitrogen,element,hyp-1,a nitrogen,is,an element,nitrogens,are,elements,
food,sausage,r-hyp-2,a food,is,a sausage,foods,are,sausages,
force,gravity,r-hyp-2,a force,is,gravity,forces,are,gravities,2
happiness,emotion,hyp-2,happiness,is,an emotion,happinesses,are,emotions,
forest,jungle,r-hyp-1,a forest,is,a jungle,forests,are,jungles,
fruit,cherry,r-hyp-2,a fruit,is,a cherry,fruits,are,cherries,
furniture,bed,r-hyp-2,a furniture,is,a bed,furnitures,are,beds,
death,end,hyp-1,a death,is,an end,deaths,are,ends,3
door,entrance,hyp-1,a door,is,an entrance,doors,are,entrances,
doorway,entrance,hyp-1,a doorway,is,an entrance,doorways,are,entrances,
opening,entrance,hyp-1,an opening,is,an entrance,openings,are,entrances,
furniture,chair,r-hyp-2,a furniture,is,a chair,furnitures,are,chairs,
rubber,eraser,hyp-1,a rubber,is,an eraser,rubbers,are,erasers,
olympics,event,hyp-4,an olympics,is,an event,olympicss,are,events,3
creation,event,hyp-3,a creation,is,an event,creations,are,events,3
party,event,hyp-3,a party,is,an event,parties,are,events,
ritual,event,hyp-4,a ritual,is,an event,rituals,are,events,
game,event,hyp-3,a game,is,an event,games,are,events,
concert,event,hyp-4,a concert,is,an event,concerts,are,events,
proof,evidence,hyp-1,proof,is,an evidence,proofs,are,evidence,
clue,evidence,hyp-1,a clue,is,an evidence,clues,are,evidences,
sample,example,hyp-1,a sample,is,an example,samples,are,examples,
furniture,recliner,r-hyp-4,a furniture,is,a recliner,furnitures,are,recliners,
life,existence,hyp-1,life,is,an existence,lives,are,existences,
professional,expert,hyp-2,a professional,is,an expert,professionals,are,experts,
navigator,explorer,hyp-1,a navigator,is,an explorer,navigators,are,explorers,
blast,explosion,hyp-1,a blast,is,an explosion,blasts,are,explosions,
arm,extremity,hyp-2,an arm,is,an extremity,arms,are,extremities,
maximum,extremity,hyp-2,a maximum,is,an extremity,maximums,are,extremities,
limb,extremity,hyp-1,a limb,is,an extremity,limbs,are,extremities,
leg,extremity,hyp-2,a leg,is,an extremity,legs,are,extremities,
cotton,fabric,hyp-1,a cotton,is,a fabric,cottons,are,fabrics,
silk,fabric,hyp-1,a silk,is,a fabric,silks,are,fabrics,
fault,failure,hyp-2,a fault,is,a failure,faults,are,failures,
game,chess,r-hyp-3,a game,is,a chess,games,are,chesses,
gathering,feast,r-hyp-4,a gathering,is,a feast,gatherings,are,feasts,
glove,mitten,r-hyp-1,a glove,is,a mitten,gloves,are,mittens,
toll,fee,hyp-1,a toll,is,a fee,tolls,are,fees,
emotion,feeling,hyp-1,emotion,is,a feeling,emotions,are,feelings,
ecstasy,feeling,hyp-3,ecstacy,is,a feeling,ecstasies,are,feelings,
anxiety,feeling,hyp-2,anxiety,is,a feeling,anxieties,are,feelings,
empathy,feeling,hyp-2,empathy,is,a feeling,empathies,are,feelings,
love,feeling,hyp-2,love,is,a feeling,loves,are,feelings,
sympathy,feeling,hyp-1,sympathy,is,a feeling,sympathies,are,feelings,
guilt,feeling,hyp-4,guilt,is,a feeling,guilts,are,feelings,
jealousy,feeling,hyp-4,jealousy,is,a feeling,jealousies,are,feelings,
mother,female,hyp-3,mother,is,a female,mothers,are,females,
daughter,female,hyp-2,daughter,is,a female,daughters,are,females,
hedge,fence,hyp-1,a hedge,is,a fence,hedges,are,fences,
novel,fiction,hyp-1,a novel,is,a fiction,novels,are,fictions,3
myth,fiction,hyp-2,a myth,is,a fiction,myths,are,fictions,
statue,figure,hyp-3,a statue,is,a figure,statues,are,figures,
thumb,finger,hyp-1,a thumb,is,a finger,thumbs,are,fingers,
perch,fish,hyp-4,a perch,is,a fish,perches,are,fish,
cod,fish,hyp-4,a cod,is,a fish,cod,are,fish,
trout,fish,hyp-1,a trout,is,a fish,trout,are,fish,
pike,fish,hyp-4,a pike,is,a fish,pikes,are,fish,
shark,fish,hyp-3,a shark,is,a fish,sharks,are,fish,
barracuda,fish,hyp-4,a barracuda,is,a fish,barracudas,are,fish,
salmon,fish,hyp-2,a salmon,is,a fish,salmon,are,fish,
dolphin,fish,hyp-4,a dolphin,is,a fish,dolphins,are,fish,
bass,fish,hyp-4,a bass,is,a fish,basses,are,fish,
dandruff,flake,hyp-2,a dandruff,is,a flake,dandruffs,are,flakes,
blaze,flame,hyp-1,a blaze,is,a flame,blazes,are,flames,
goat,kid,r-hyp-1,a goat,is,a kid,goats,are,kids,
vanilla,flavor,hyp-1,vanilla,is,a flavor,vanillas,are,flavors,
orchid,flower,hyp-1,an orchid,is,a flower,orchids,are,flowers,
group,choir,r-hyp-3,a group,is,a choir,groups,are,choirs,
water,fluid,hyp-2,water,is,a fluid,waters,are,fluids,
group,gang,r-hyp-4,a group,is,a gang,groups,are,gangs,
fig,food,hyp-3,fig,is,a food,figs,are,foods,
lettuce,food,hyp-4,lettuce,is,a food,lettuces,are,foods,
crab,food,hyp-3,crab,is,a food,crabs,are,foods,
oatmeal,food,hyp-3,oatmeal,is,a food,oatmeals,are,foods,
celery,food,hyp-3,celery,is,a food,celeries,are,foods,
cauliflower,food,hyp-4,cauliflower,is,a food,cauliflowers,are,foods,
coleslaw,food,hyp-4,coleslaw,is,a food,coleslaws,are,foods,
rabbit,food,hyp-3,rabbit,is,a food,rabbits,are,foods,
cookie,food,hyp-3,cookie,is,a food,cookies,are,foods,
bean,food,hyp-4,a bean,is,a food,beans,are,foods,1
olive,food,hyp-4,olive,is,a food,olives,are,foods,
mousse,food,hyp-3,mousse,is,a food,mousses,are,foods,
hamburger,food,hyp-4,hamburger,is,a food,hamburgers,are,foods,
oregano,food,hyp-4,oregano,is,a food,oreganos,are,foods,
snack,food,hyp-3,a snack,is,a food,snacks,are,foods,
rice,food,hyp-3,rice,is,a food,rices,are,foods,
carrot,food,hyp-4,carrot,is,a food,carrots,are,foods,
bread,food,hyp-3,bread,is,a food,breads,are,foods,
pie,food,hyp-3,pie,is,a food,pies,are,foods,
steak,food,hyp-3,steak,is,a food,steaks,are,foods,
dish,food,hyp-2,a dish,is,a food,dishes,are,foods,
macaroni,food,hyp-2,macaroni,is,a food,macaronis,are,foods,
squash,food,hyp-3,squash,is,a food,squashes,are,foods,
zucchini,food,hyp-4,zucchini,is,a food,zucchinis,are,foods,
barley,food,hyp-3,barley,is,a food,barleys,are,foods,
sandwich,food,hyp-4,sandwich,is,a food,sandwiches,are,foods,
custard,food,hyp-3,custard,is,a food,custards,are,foods,
cake,food,hyp-3,cake,is,a food,cakes,are,foods,
sardine,food,hyp-3,sardine,is,a food,sardines,are,foods,
mushroom,food,hyp-3,mushroom,is,a food,mushrooms,are,foods,
bouillon,food,hyp-4,bouillon,is,a food,bouillons,are,foods,
omelet,food,hyp-3,omelet,is,a food,omelets,are,foods,
strawberry,food,hyp-4,strawberry,is,a food,strawberries,are,foods,
chili,food,hyp-3,chili,is,a food,chilis,are,foods,
pastry,food,hyp-4,pastry,is,a food,pastries,are,foods,
popcorn,food,hyp-4,popcorn,is,a food,popcorns,are,foods,
lunch,food,hyp-3,lunch,is,a food,lunches,are,foods,
gravy,food,hyp-3,gravy,is,a food,gravies,are,foods,
onion,food,hyp-3,onion,is,a food,onions,are,foods,
meatball,food,hyp-3,meatball,is,a food,meatballs,are,foods,
parsley,food,hyp-4,parsley,is,a food,parsleys,are,foods,
chicken,food,hyp-4,chicken,is,a food,chickens,are,foods,
pea,food,hyp-4,pea,is,a food,peas,are,foods,
blackberry,food,hyp-4,blackberry,is,a food,blackberries,are,foods,
biscuit,food,hyp-4,biscuit,is,a food,biscuits,are,foods,
ham,food,hyp-4,ham,is,a food,hams,are,foods,
pizza,food,hyp-3,pizza,is,a food,pizzas,are,foods,
herb,food,hyp-4,herb,is,a food,herbs,are,foods,
broth,food,hyp-4,broth,is,a food,broths,are,foods,
veal,food,hyp-2,veal,is,a food,veals,are,foods,
cabbage,food,hyp-4,cabbage,is,a food,cabbages,are,foods,
scallop,food,hyp-3,scallop,is,a food,scallops,are,foods,
sausage,food,hyp-2,sausage,is,a food,sausages,are,foods,
clam,food,hyp-3,clam,is,a food,clams,are,foods,
yogurt,food,hyp-3,yogurt,is,a food,yogurts,are,foods,
dinner,food,hyp-3,dinner,is,a food,dinners,are,foods,
pickle,food,hyp-4,pickle,is,a food,pickles,are,foods,
bagel,food,hyp-4,bagel,is,a food,bagels,are,foods,
grape,food,hyp-3,grape,is,a food,grapes,are,foods,
corn,food,hyp-3,corn,is,a food,corns,are,foods,
mayonnaise,food,hyp-4,mayonnaise,is,a food,mayonnaises,are,foods,
doughnut,food,hyp-4,doughnut,is,a food,doughnuts,are,foods,
gravity,force,hyp-2,gravity,is,a force,gravities,are,forces,2
group,legion,r-hyp-4,a group,is,a legion,groups,are,legions,
jungle,forest,hyp-1,a jungle,is,a forest,jungles,are,forests,
group,party,r-hyp-3,a group,is,a party,groups,are,parties,
geyser,fountain,hyp-1,a geyser,is,a fountain,geysers,are,fountains,
group,staff,r-hyp-3,a group,is,a staff,groups,are,staffs,
gun,rifle,r-hyp-2,a gun,is,a rifle,guns,are,rifles,
liberty,freedom,hyp-1,a liberty,is,a freedom,liberties,are,freedoms,
orange,fruit,hyp-3,an orange,is,a fruit,oranges,are,fruits,
lemon,fruit,hyp-3,a lemon,is,a fruit,lemons,are,fruits,
blackberry,fruit,hyp-3,a blackberry,is,a fruit,blackberries,are,fruits,
kiwi,fruit,hyp-2,a kiwi,is,a fruit,kiwis,are,fruits,
cherry,fruit,hyp-2,a cherry,is,a fruit,cherries,are,fruits,
prune,fruit,hyp-3,a prune,is,a fruit,prunes,are,fruits,
tangerine,fruit,hyp-4,a tangerine,is,a fruit,tangerines,are,fruits,
banana,fruit,hyp-2,a banana,is,a fruit,bananas,are,fruits,
strawberry,fruit,hyp-3,a strawberry,is,a fruit,strawberries,are,fruits,
raisin,fruit,hyp-3,a raisin,is,a fruit,raisins,are,fruits,
peach,fruit,hyp-2,a peach,is,a fruit,peaches,are,fruits,
lime,fruit,hyp-3,a lime,is,a fruit,limes,are,fruits,
home,palace,r-hyp-3,a home,is,a palace,homes,are,palaces,
mushroom,fungus,hyp-3,a mushroom,is,a fungus,mushrooms,are,funguses,
recliner,furniture,hyp-4,a recliner,is,a furniture,recliners,are,furnitures,
bed,furniture,hyp-2,a bed,is,a furniture,beds,are,furnitures,
chair,furniture,hyp-2,a chair,is,a furniture,chairs,are,furnitures,
horse,stud,r-hyp-3,a horse,is,a stud,horses,are,studs,
ball,game,hyp-4,a ball,is,a game,balls,are,games,3
rummy,game,hyp-2,rummy,is,a game,rummies,are,games,2
volleyball,game,hyp-3,volleyball,is,a game,volleyballs,are,games,2
cricket,game,hyp-4,cricket,is,a game,crickets,are,games,2
baseball,game,hyp-4,baseball,is,a game,baseballs,are,games,2
golf,game,hyp-3,golf,is,a game,golves,are,games,2
monopoly,game,hyp-3,monopoly,is,a game,monopolies,are,games,2
squash,game,hyp-3,squash,is,a game,squashes,are,games,2
chess,game,hyp-3,chess,is,a game,chesses,are,games,2
jewelry,earring,r-hyp-1,a jewelry,is,an earring,jewelries,are,earrings,
jewelry,ring,r-hyp-1,a jewelry,is,a ring,jewelries,are,rings,
helium,gas,hyp-2,helium,is,a gas,heliums,are,gases,2
oxygen,gas,hyp-1,oxygen,is,a gas,oxygens,are,gases,2
feast,gathering,hyp-4,a feast,is,a gathering,feasts,are,gatherings,
sapphire,gem,hyp-2,a sapphire,is,a gem,sapphires,are,gems,
diamond,gem,hyp-1,a diamond,is,a gem,diamonds,are,gems,
joint,elbow,r-hyp-3,a joint,is,an elbow,joints,are,elbows,
judgment,verdict,r-hyp-2,a judgment,is,a verdict,judgments,are,verdicts,
maid,girl,hyp-1,a maid,is,a girl,maids,are,girls,
killer,murderer,r-hyp-1,a killer,is,a murderer,killers,are,murderers,
mitten,glove,hyp-1,a mitten,is,a glove,mittens,are,gloves,
kid,goat,hyp-1,a kid,is,a goat,kids,are,goats,
jesus,god,hyp-4,jesus,is,a god,jesuses,are,gods,
grace,goodness,hyp-2,grace,is,a goodness,graces,are,goodnesses,3
gander,goose,hyp-1,a gander,is,a goose,ganders,are,geese,
knife,dagger,r-hyp-1,a knife,is,a dagger,knives,are,daggers,
knowledge,foresight,r-hyp-4,a knowledge,is,a foresight,knowledges,are,foresights,
grandma,grandparent,hyp-1,a grandma,is,a grandparent,grandmas,are,grandparents,
knowledge,instinct,r-hyp-3,a knowledge,is,an instinct,knowledges,are,instincts,
leader,king,r-hyp-3,a leader,is,a king,leaders,are,kings,
supermarket,grocery,hyp-1,a supermarket,is,a grocery,supermarkets,are,groceries,
soil,ground,hyp-1,a soil,is,a ground,soils,are,grounds,3
floor,ground,hyp-1,a floor,is,a ground,floors,are,grounds,3
class,group,hyp-2,a class,is,a group,classes,are,groups,
gang,group,hyp-4,a gang,is,a group,gangs,are,groups,
legion,group,hyp-4,a legion,is,a group,legions,are,groups,
bunch,group,hyp-3,a bunch,is,a group,bunches,are,groups,
mob,group,hyp-3,a mob,is,a group,mobs,are,groups,
party,group,hyp-3,a party,is,a group,parties,are,groups,
conference,group,hyp-4,a conference,is,a group,conferences,are,groups,
union,group,hyp-3,a union,is,a group,unions,are,groups,
crowd,group,hyp-3,a crowd,is,a group,crowds,are,groups,
squad,group,hyp-4,a squad,is,a group,squads,are,groups,
caravan,group,hyp-3,a caravan,is,a group,caravans,are,groups,
crew,group,hyp-3,a crew,is,a group,crews,are,groups,
herd,group,hyp-3,a herd,is,a group,herds,are,groups,
fraternity,group,hyp-3,a fraternity,is,a group,fraternities,are,groups,
division,group,hyp-2,a division,is,a group,divisions,are,groups,
choir,group,hyp-3,a choir,is,a group,choirs,are,groups,
grove,group,hyp-4,a grove,is,a group,groves,are,groups,
committee,group,hyp-4,a committee,is,a group,committees,are,groups,
agency,group,hyp-4,an agency,is,a group,agencies,are,groups,
unit,group,hyp-3,a unit,is,a group,units,are,groups,
youth,group,hyp-3,a youth,is,a group,youths,are,groups,
club,group,hyp-4,a club,is,a group,clubs,are,groups,
staff,group,hyp-3,a staff,is,a group,staffs,are,groups,
society,group,hyp-2,a society,is,a group,societies,are,groups,
leather,suede,r-hyp-1,a leather,is,a suede,leathers,are,suedes,
light,aura,r-hyp-1,a light,is,an aura,lights,are,auras,
liquor,gin,r-hyp-1,a liquor,is,a gin,liquors,are,gin,
colt,gun,hyp-4,a colt,is,a gun,colts,are,guns,
cannon,gun,hyp-1,a cannon,is,a gun,cannons,are,guns,
pistol,gun,hyp-2,a pistol,is,a gun,pistols,are,guns,
rifle,gun,hyp-2,a rifle,is,a gun,rifles,are,guns,
mustache,hair,hyp-2,a mustache,is,a hair,mustaches,are,hair,
luggage,suitcase,r-hyp-1,a luggage,is,a suitcase,luggages,are,suitcases,
migraine,headache,hyp-1,a migraine,is,a headache,migraines,are,headaches,
caption,heading,hyp-3,a caption,is,a heading,captions,are,headings,
machine,computer,r-hyp-1,a machine,is,a computer,machines,are,computers,
barley,herb,hyp-4,a barley,is,a herb,barleys,are,herbs,
maker,producer,r-hyp-1,a maker,is,a producer,makers,are,producers,
mammal,cat,r-hyp-4,a mammal,is,a cat,mammals,are,cats,
mammal,dog,r-hyp-4,a mammal,is,a dog,mammals,are,dogs,
mammal,dolphin,r-hyp-4,a mammal,is,a dolphin,mammals,are,dolphins,
leak,hole,hyp-1,a leak,is,a hole,leaks,are,holes,
easter,holiday,hyp-3,easter,is,a holiday,easters,are,holidays,
palace,home,hyp-3,a palace,is,a home,palaces,are,homes,
lodge,home,hyp-3,a lodge,is,a home,lodges,are,homes,
mansion,home,hyp-2,a mansion,is,a home,mansions,are,homes,
castle,home,hyp-3,a castle,is,a home,castles,are,homes,
mammal,elephant,r-hyp-3,a mammal,is,an elephant,mammals,are,elephants,
material,leather,r-hyp-4,a material,is,leather,materials,are,leathers,
sincerity,honesty,hyp-2,sincerity,is,an honesty,sincerities,are,honesties,
integrity,honesty,hyp-1,integrity,is,an honesty,integrities,are,honesties,
antler,horn,hyp-1,an antler,is,a horn,antlers,are,horns,
stud,horse,hyp-3,a stud,is,a horse,studs,are,horses,
pony,horse,hyp-1,a pony,is,a horse,ponies,are,horses,
cabin,house,hyp-1,a cabin,is,a house,cabins,are,houses,
joke,humor,hyp-1,a joke,is,humor,jokes,are,humor,3
pun,humor,hyp-2,a pun,is,humor,puns,are,humor,
shell,husk,hyp-2,a shell,is,a husk,shells,are,husks,
igloo,hut,hyp-1,an igloo,is,a hut,igloos,are,huts,
suggestion,idea,hyp-1,a suggestion,is,an idea,suggestions,are,ideas,
hypothesis,idea,hyp-2,a hypothesis,is,an idea,hypotheses,are,ideas,
principle,idea,hyp-2,a principle,is,an idea,principles,are,ideas,
notion,idea,hyp-1,a notion,is,an idea,notions,are,ideas,
material,nylon,r-hyp-3,a material,is,a nylon,materials,are,nylons,
flu,illness,hyp-3,a flu,is,an illness,flus,are,illnesses,
obstacle,impediment,hyp-1,an obstacle,is,an impediment,obstacles,are,impediments,
news,information,hyp-1,a news,is,an information,news,are,informations,2
wound,injury,hyp-1,a wound,is,an injury,wounds,are,injuries,
cut,injury,hyp-2,a cut,is,an injury,cuts,are,injuries,
bug,insect,hyp-1,a bug,is,an insect,bugs,are,insects,
ant,insect,hyp-2,an ant,is,an insect,ants,are,insects,
flea,insect,hyp-1,a flea,is,an insect,fleas,are,insects,
mosquito,insect,hyp-2,a mosquito,is,an insect,mosquitoes,are,insects,
butterfly,insect,hyp-2,a butterfly,is,an insect,butterflies,are,insects,
material,rubber,r-hyp-4,a material,is,a rubber,materials,are,rubbers,
lesson,instruction,hyp-1,a lesson,is,an instruction,lessons,are,instructions,
banjo,instrument,hyp-2,a banjo,is,an instrument,banjoes,are,instruments,
compass,instrument,hyp-2,a compass,is,an instrument,compasses,are,instruments,
tuba,instrument,hyp-2,a tuba,is,an instrument,tubas,are,instruments,
trumpet,instrument,hyp-3,a trumpet,is,an instrument,trumpets,are,instruments,
trombone,instrument,hyp-3,a trombone,is,an instrument,trombones,are,instruments,
saxophone,instrument,hyp-4,a saxophone,is,an instrument,saxophones,are,instruments,
flute,instrument,hyp-3,a flute,is,an instrument,flutes,are,instruments,
horn,instrument,hyp-3,a horn,is,an instrument,horns,are,instruments,
oboe,instrument,hyp-4,an oboe,is,an instrument,oboes,are,instruments,
fiddle,instrument,hyp-3,a fiddle,is,an instrument,fiddles,are,instruments,
scalpel,instrument,hyp-4,a scalpel,is,an instrument,scalpels,are,instruments,
bugle,instrument,hyp-3,a bugle,is,an instrument,bugles,are,instruments,
drum,instrument,hyp-2,a drum,is,an instrument,drums,are,instruments,
guitar,instrument,hyp-2,a guitar,is,an instrument,guitars,are,instruments,
harp,instrument,hyp-3,a harp,is,an instrument,harps,are,instruments,
piano,instrument,hyp-2,a piano,is,an instrument,pianos,are,instruments,
violin,instrument,hyp-3,a violin,is,an instrument,violins,are,instruments,
stethoscope,instrument,hyp-2,a stethoscope,is,an instrument,stethoscopes,are,instruments,
meal,snack,r-hyp-1,a meal,is,a snack,meals,are,snacks,
hobby,interest,hyp-1,a hobby,is,an interest,hobbies,are,interests,
meal,supper,r-hyp-1,a meal,is,a supper,meals,are,suppers,
measure,gallon,r-hyp-4,a measure,is,a gallon,measures,are,gallons,
ruby,jewel,hyp-1,a ruby,is,a jewel,rubies,are,jewels,
ring,jewelry,hyp-1,a ring,is,a jewelry,rings,are,jewelries,
earring,jewelry,hyp-1,an earring,is,a jewelry,earrings,are,jewelries,
hip,joint,hyp-3,a hip,is,a joint,hips,are,joints,
elbow,joint,hyp-3,an elbow,is,a joint,elbows,are,joints,
knee,joint,hyp-3,a knee,is,a joint,knees,are,joints,
ankle,joint,hyp-3,an ankle,is,a joint,ankles,are,joints,
trip,journey,hyp-1,a trip,is,a journey,trips,are,journeys,
verdict,judgment,hyp-2,a verdict,is,a judgment,verdicts,are,judgments,
sentence,judgment,hyp-2,a sentence,is,a judgment,sentences,are,judgments,
medicine,tablet,r-hyp-2,a medicine,is,a tablet,medicines,are,tablets,
medium,television,r-hyp-3,a medium,is,a television,mediums,are,televisions,
boy,kid,hyp-2,a boy,is,a kid,boys,are,kids,
meeting,conference,r-hyp-1,a meeting,is,a conference,meetings,are,conferences,
murderer,killer,hyp-1,a murderer,is,a killer,murderers,are,killers,
charity,kindness,hyp-2,charity,is,a kindness,charities,are,kindnesses,2
message,note,r-hyp-3,a message,is,a note,messages,are,notes,
dagger,knife,hyp-1,a dagger,is,a knife,daggers,are,knives,
mixture,solution,r-hyp-1,a mixture,is,a solution,mixtures,are,solutions,
technique,knowledge,hyp-4,a technique,is,a knowledge,techniques,are,knowledge,4
instinct,knowledge,hyp-3,an instinct,is,a knowledge,instincts,are,knowledges,4
intelligence,knowledge,hyp-2,an intelligence,is,a knowledge,intelligences,are,knowledges,4
technology,knowledge,hyp-4,a technology,is,a knowledge,technologies,are,knowledges,4
intellect,knowledge,hyp-3,an intellect,is,a knowledge,intellects,are,knowledges,4
foresight,knowledge,hyp-4,a foresight,is,a knowledge,foresights,are,knowledges,4
understanding,knowledge,hyp-3,an understanding,is,a knowledge,understandings,are,knowledges,4
wisdom,knowledge,hyp-2,a wisdom,is,a knowledge,wisdoms,are,knowledges,4
number,eight,r-hyp-3,a number,is,an eight,numbers,are,eights,
flashlight,lamp,hyp-2,a flashlight,is,a lamp,flashlights,are,lamps,
island,land,hyp-1,an island,is,a land,islands,are,lands,
payment,rent,r-hyp-4,a payment,is,a rent,payments,are,rents,
chairperson,leader,hyp-2,a chairperson,is,a leader,chairpersons,are,leaders,
king,leader,hyp-3,a king,is,a leader,kings,are,leaders,
pope,leader,hyp-2,a pope,is,a leader,popes,are,leaders,
commander,leader,hyp-1,a commander,is,a leader,commanders,are,leaders,
president,leader,hyp-4,a president,is,a leader,presidents,are,leaders,
peace,truce,r-hyp-1,a peace,is,a truce,peaces,are,truces,
perception,vision,r-hyp-2,a perception,is,a vision,perceptions,are,visions,
suede,leather,hyp-1,a suede,is,a leather,suedes,are,leathers,4
period,puberty,r-hyp-2,a period,is,a puberty,periods,are,puberties,2
person,cashier,r-hyp-1,a person,is,a cashier,people,are,cashiers,
person,citizen,r-hyp-2,a person,is,a citizen,people,are,citizens,
diameter,length,hyp-1,a diameter,is,a length,diameters,are,lengths,
contact,lens,hyp-1,a contact,is,a lens,contacts,are,lenses,
person,climber,r-hyp-3,a person,is,a climber,people,are,climbers,
person,guest,r-hyp-3,a person,is,a guest,people,are,guests,
aura,light,hyp-1,an aura,is,a light,auras,are,lights,
torch,light,hyp-1,a torch,is,a light,torches,are,lights,
maximum,limit,hyp-1,a maximum,is,a limit,maximums,are,limits,
person,idol,r-hyp-4,a person,is,an idol,people,are,idols,
column,line,hyp-2,a column,is,a line,columns,are,lines,
stream,line,hyp-1,a stream,is,a line,streams,are,lines,
cord,line,hyp-1,a cord,is,a line,cords,are,lines,
soda,liquid,hyp-3,soda,is,a liquid,sodas,are,liquids,
beer,liquid,hyp-4,beer,is,a liquid,beers,are,liquids,
water,liquid,hyp-1,water,is,a liquid,waters,are,liquids,
milk,liquid,hyp-2,milk,is,a liquid,milks,are,liquids,
gin,liquor,hyp-1,gin,is,a liquor,gins,are,liquors,
schedule,list,hyp-1,a schedule,is,a list,schedules,are,lists,
home,location,hyp-4,a home,is,a location,homes,are,locations,
site,location,hyp-4,a site,is,a location,sites,are,locations,
position,location,hyp-2,a position,is,a location,positions,are,locations,
jesus,lord,hyp-3,jesus,is,a lord,jesuses,are,lords,
boyfriend,lover,hyp-1,a boyfriend,is,a lover,boyfriends,are,lovers,
faith,loyalty,hyp-1,a faith,is,a loyalty,faiths,are,loyalties,3
suitcase,luggage,hyp-1,a suitcase,is,a luggage,suitcases,are,luggages,
typewriter,machine,hyp-3,a typewriter,is,a machine,typewriters,are,machines,
computer,machine,hyp-1,a computer,is,a machine,computers,are,machines,
person,nomad,r-hyp-3,a person,is,a nomad,people,are,nomads,
producer,maker,hyp-1,a producer,is,a maker,producers,are,makers,
dog,mammal,hyp-4,a dog,is,a mammal,dogs,are,mammals,
whale,mammal,hyp-4,a whale,is,a mammal,whales,are,mammals,
human,mammal,hyp-4,a human,is,a mammal,humans,are,mammals,
walrus,mammal,hyp-4,a walrus,is,a mammal,walruses,are,mammals,
seal,mammal,hyp-4,a seal,is,a mammal,seals,are,mammals,
person,proprietor,r-hyp-4,a person,is,a proprietor,people,are,proprietors,
cat,mammal,hyp-4,a cat,is,a mammal,cats,are,mammals,
dolphin,mammal,hyp-4,a dolphin,is,a mammal,dolphins,are,mammals,
elephant,mammal,hyp-3,an elephant,is,a mammal,elephants,are,mammals,
ape,mammal,hyp-3,an ape,is,a mammal,apes,are,mammals,
horse,mammal,hyp-4,a horse,is,a mammal,horses,are,mammals,
boy,man,hyp-1,a boy,is,a man,boys,are,men,
spot,mark,hyp-1,a spot,is,a mark,spots,are,marks,
person,publisher,r-hyp-3,a person,is,a publisher,people,are,publishers,
suede,material,hyp-4,suede,is,a material,suedes,are,materials,
flannel,material,hyp-1,flannel,is,a material,flannels,are,materials,
paper,material,hyp-1,paper,is,a material,papers,are,materials,
leather,material,hyp-4,leather,is,a material,leathers,are,materials,
rubber,material,hyp-4,rubber,is,a material,rubbers,are,materials,
cotton,material,hyp-4,cotton,is,a material,cottons,are,materials,
nylon,material,hyp-3,nylon,is,a material,nylons,are,materials,
silk,material,hyp-1,silk,is,a material,silks,are,materials,
arithmetic,math,hyp-2,arithmatics,is,math,arithmetics,are,maths,2
person,reader,r-hyp-2,a person,is,a reader,people,are,readers,2
algebra,math,hyp-2,algebra,is,math,algebra,are,maths,2
geometry,math,hyp-2,geometry,is,math,geometries,are,maths,2
calculus,math,hyp-2,calculus,is,math,calculuses,are,maths,2
atom,matter,hyp-2,an atom,is,matter,atoms,are,matters,3
earth,matter,hyp-3,an earth,is,a matter,earths,are,matters,3
snack,meal,hyp-1,a snack,is,a meal,snacks,are,meals,
supper,meal,hyp-1,a supper,is,a meal,suppers,are,meals,
meter,measure,hyp-4,a meter,is,a measure,meters,are,measures,
gallon,measure,hyp-4,a gallon,is,a measure,gallons,are,measures,
inch,measure,hyp-4,an inch,is,a measure,inches,are,measures,
ounce,measure,hyp-4,an ounce,is,a measure,ounces,are,measures,
foot,measure,hyp-4,a foot,is,a measure,feet,are,measures,
pint,measure,hyp-4,a pint,is,a measure,pints,are,measures,
gauge,measure,hyp-3,a gauge,is,a measure,gauges,are,measures,
veal,meat,hyp-1,veal,is,a meat,veals,are,meats,2
pork,meat,hyp-1,a pork,is,a meat,porks,are,meats,2
ham,meat,hyp-3,a ham,is,a meat,hams,are,meats,2
sirloin,meat,hyp-2,a sirloin,is,a meat,sirloins,are,meats,2
turkey,meat,hyp-3,a turkey,is,a meat,turkeys,are,meats,2
person,speaker,r-hyp-3,a person,is,a speaker,people,are,speakers,
pile,haystack,r-hyp-2,a pile,is,a haystack,piles,are,haystacks,
pill,medication,hyp-2,a pill,is,a medication,pills,are,medications,
antidote,medicine,hyp-2,an antidote,is,a medicine,antidotes,are,medicines,
tablet,medicine,hyp-2,a tablet,is,a medicine,tablets,are,medicines,
radio,medium,hyp-3,a radio,is,a medium,radios,are,mediums,
television,medium,hyp-3,a television,is,a medium,televisions,are,mediums,
newspaper,medium,hyp-3,a newspaper,is,a medium,newspapers,are,mediums,
conference,meeting,hyp-1,a conference,is,a meeting,conferences,are,meetings,
plaque,memorial,hyp-1,a plaque,is,a memorial,plaques,are,memorials,
reminiscence,memory,hyp-1,a reminiscence,is,a memory,reminiscences,are,memories,
note,message,hyp-3,a note,is,a message,notes,are,messages,
bulletin,message,hyp-4,a bulletin,is,a message,bulletins,are,messages,
gold,metal,hyp-2,a gold,is,a metal,golds,are,metals,
silver,metal,hyp-2,a silver,is,a metal,silvers,are,metals,
plant,flower,r-hyp-4,a plant,is,a flower,plants,are,flowers,
plant,turnip,r-hyp-4,a plant,is,a turnip,plants,are,turnips,
solution,mixture,hyp-1,a solution,is,a mixture,solutions,are,mixtures,
king,monarch,hyp-1,a king,is,a monarch,kings,are,monarches,
poem,sonnet,r-hyp-1,a poem,is,a sonnet,poems,are,sonnets,
poison,venom,r-hyp-3,a poison,is,a venom,poisons,are,venoms,
wave,motion,hyp-1,a wave,is,a motion,waves,are,motions,
politician,governor,r-hyp-1,a politician,is,a governor,politicians,are,governors,
politician,senator,r-hyp-2,a politician,is,a senator,politicians,are,senators,
professional,professor,r-hyp-3,a professional,is,a professor,professionals,are,professors,
soul,music,hyp-3,soul,is,music,souls,are,musics,4
symphony,music,hyp-4,a symphony,is,music,symphonies,are,music,
jazz,music,hyp-2,jazz,is,music,jazzes,are,musics,2
protection,helmet,r-hyp-4,a protection,is,a helmet,protections,are,helmets,
publication,magazine,r-hyp-1,a publication,is,a magazine,publications,are,magazines,
bulletin,news,hyp-2,a bulletin,is,a news,bulletins,are,news,
bang,noise,hyp-1,a bang,is,a noise,bangs,are,noises,
rain,shower,r-hyp-1,a rain,is,a shower,rains,are,showers,
recreation,sport,r-hyp-1,a recreation,is,a sport,recreations,are,sports,
twelve,number,hyp-3,twelve,is,a number,twelves,are,numbers,2
four,number,hyp-3,four,is,a number,fours,are,numbers,2
zero,number,hyp-3,zero,is,a number,zeros,are,numbers,2
six,number,hyp-3,six,is,a number,sixes,are,numbers,2
eight,number,hyp-3,eight,is,a number,eights,are,numbers,2
digit,number,hyp-2,digit,is,a number,digits,are,numbers,2
hundred,number,hyp-3,hundred,is,a number,hundreds,are,numbers,2
nine,number,hyp-3,nine,is,a number,nines,are,numbers,2
cashew,nut,hyp-2,a cashew,is,a nut,cashews,are,nuts,
peanut,nut,hyp-2,a peanut,is,a nut,peanuts,are,nuts,
pecan,nut,hyp-2,a pecan,is,a nut,pecans,are,nuts,
rectangle,square,r-hyp-1,a rectangle,is,a square,rectangles,are,squares,
paddle,oar,hyp-1,a paddle,is,an oar,paddles,are,oars,
incense,odor,hyp-2,an incense,is,an odor,incenses,are,odors,
captain,officer,hyp-3,a captain,is,an officer,captains,are,officers,
colonel,officer,hyp-3,a colonel,is,an officer,colonels,are,officers,
lieutenant,officer,hyp-3,a lieutenant,is,an officer,lieutenants,are,officers,
cop,officer,hyp-1,a cop,is,an officer,cops,are,officers,
corporal,officer,hyp-2,a corporal,is,an officer,corporals,are,officers,
enemy,opponent,hyp-1,an enemy,is,an opponent,enemies,are,opponents,
remorse,repentance,r-hyp-1,a remorse,is,a repentance,remorses,are,repentances,
kidney,organ,hyp-3,a kidney,is,an organ,kidneys,are,organs,
liver,organ,hyp-2,a liver,is,an organ,livers,are,organs,
lung,organ,hyp-3,a lung,is,an organ,lungs,are,organs,
sorority,organization,hyp-3,a sorority,is,an organization,sororities,are,organizations,
company,organization,hyp-2,a company,is,an organization,companies,are,organizations,
club,organization,hyp-4,a club,is,an organization,clubs,are,organizations,
foundation,organization,hyp-3,a foundation,is,an organization,foundations,are,organizations,
department,organization,hyp-4,a department,is,an organization,departments,are,organizations,
robber,outlaw,hyp-2,a robber,is,an outlaw,robbers,are,outlaws,
reptile,alligator,r-hyp-3,a reptile,is,an alligator,reptiles,are,alligators,
pillow,padding,hyp-2,a pillow,is,a padding,pillows,are,paddings,
migraine,pain,hyp-3,a migraine,is,a pain,migraines,are,pains,
restaurant,diner,r-hyp-1,a restaurant,is,a diner,restaurants,are,diners,
headache,pain,hyp-2,a headache,is,a pain,headaches,are,pains,
couple,pair,hyp-1,a couple,is,a pair,couples,are,pairs,
road,avenue,r-hyp-3,a road,is,an avenue,roads,are,avenues,
skillet,pan,hyp-1,a skillet,is,a pan,skillets,are,pans,
road,highway,r-hyp-1,a road,is,a highway,roads,are,highways,
mom,parent,hyp-2,a mom,is,a parent,moms,are,parents,
section,part,hyp-2,a section,is,a part,sections,are,parts,
rock,boulder,r-hyp-1,a rock,is,a boulder,rocks,are,boulders,
banquet,party,hyp-2,a banquet,is,a party,banquets,are,parties,
prom,party,hyp-3,a prom,is,a party,proms,are,parties,
hall,passage,hyp-3,a hall,is,a passage,halls,are,passages,
tunnel,passage,hyp-2,a tunnel,is,a passage,tunnels,are,passages,
sidewalk,path,hyp-2,a sidewalk,is,a path,sidewalks,are,paths,
rent,payment,hyp-4,a rent,is,a payment,rents,are,payments,
truce,peace,hyp-1,a truce,is,a peace,truces,are,peaces,3
society,people,hyp-4,a society,is,a people,societies,are,peoples,3
chili,pepper,hyp-2,a chili,is,a pepper,chilis,are,peppers,
sight,perception,hyp-2,sight,is,a perception,sights,are,perceptions,2
vision,perception,hyp-2,vision,is,a perception,visions,are,perceptions,2
view,perception,hyp-2,a view,is,a perception,views,are,perceptions,2
concert,performance,hyp-1,a concert,is,a performance,concerts,are,performances,
puberty,period,hyp-2,puberty,is,a period,puberties,are,periods,2
term,period,hyp-1,a term,is,a period,terms,are,periods,
idol,person,hyp-4,an idol,is,a person,idols,are,people,
mayor,person,hyp-3,a mayor,is,a person,mayors,are,people,
executive,person,hyp-3,an executive,is,a person,executives,are,people,
citizen,person,hyp-2,a citizen,is,a person,citizens,are,people,
customer,person,hyp-3,a customer,is,a person,customers,are,people,
climber,person,hyp-3,a climber,is,a person,climbers,are,people,
guest,person,hyp-3,a guest,is,a person,guests,are,people,
girl,person,hyp-3,a girl,is,a person,girls,are,people,
cashier,person,hyp-1,a cashier,is,a person,cashiers,are,people,
nomad,person,hyp-3,a nomad,is,a person,nomads,are,people,
publisher,person,hyp-3,a publisher,is,a person,publishers,are,people,
reader,person,hyp-2,a reader,is,a person,readers,are,people,
clerk,person,hyp-3,a clerk,is,a person,clerks,are,people,
salesman,person,hyp-4,a salesman,is,a person,salesmen,are,people,
proprietor,person,hyp-4,a proprietor,is,a person,proprietors,are,people,
poet,person,hyp-3,a poet,is,a person,poets,are,people,
speaker,person,hyp-3,a speaker,is,a person,speakers,are,people,
ruler,dictator,r-hyp-1,a ruler,is,a dictator,rulers,are,dictators,
ruler,emperor,r-hyp-2,a ruler,is,an emperor,rulers,are,emperors,
portrait,picture,hyp-1,a portrait,is,a picture,portraits,are,pictures,
cobbler,pie,hyp-1,a cobbler,is,a pie,cobblers,are,pies,
safety,insurance,r-hyp-3,a safety,is,an insurance,safeties,are,insurances,
sliver,piece,hyp-3,a sliver,is,a piece,slivers,are,pieces,3
scrap,piece,hyp-1,a scrap,is,a piece,scraps,are,pieces,
graft,piece,hyp-4,a graft,is,a piece,grafts,are,pieces,
haystack,pile,hyp-2,a haystack,is,a pile,haystacks,are,piles,
stack,pile,hyp-1,a stack,is,a pile,stacks,are,piles,
plot,plan,hyp-3,a plot,is,a plan,plots,are,plans,
schedule,plan,hyp-1,a schedule,is,a plan,schedules,are,plans,
jet,plane,hyp-1,a jet,is,a plane,jets,are,planes,
pluto,planet,hyp-2,pluto,is,a planet,plutoes,are,planets,
saturn,planet,hyp-2,saturn,is,a planet,saturns,are,planets,
turnip,plant,hyp-4,a turnip,is,a plant,turnips,are,plants,
lily,plant,hyp-4,a lily,is,a plant,lilies,are,plants,
orchid,plant,hyp-4,an orchid,is,a plant,orchids,are,plants,
rose,plant,hyp-4,a rose,is,a plant,roses,are,plants,
tree,plant,hyp-3,a tree,is,a plant,trees,are,plants,
weed,plant,hyp-2,a weed,is,a plant,weeds,are,plants,
cactus,plant,hyp-3,a cactus,is,a plant,cactuses,are,plants,
shrub,plant,hyp-3,a shrub,is,a plant,shrubs,are,plants,
ivy,plant,hyp-3,an ivy,is,a plant,ivies,are,plants,
flower,plant,hyp-4,a flower,is,a plant,flowers,are,plants,
clove,plant,hyp-4,a clove,is,a plant,cloves,are,plants,
stage,platform,hyp-1,a stage,is,a platform,stages,are,platforms,
catcher,player,hyp-4,a catcher,is,a player,catchers,are,players,
vow,pledge,hyp-1,a vow,is,a pledge,vows,are,pledges,
science,math,r-hyp-1,a science,is,a math,sciences,are,maths,
sonnet,poem,hyp-1,a sonnet,is,a poem,sonnets,are,poems,
seafood,mussel,r-hyp-2,a seafood,is,a mussel,seafoods,are,mussels,
apex,point,hyp-2,an apex,is,a point,apexes,are,points,
tip,point,hyp-2,a tip,is,a point,tips,are,points,
venom,poison,hyp-3,a venom,is,a poison,venoms,are,poisons,
governor,politician,hyp-1,a governor,is,a politician,governors,are,politicians,
smog,pollution,hyp-2,a smog,is,a pollution,smogs,are,pollutions,
bit,portion,hyp-1,a bit,is,a portion,bits,are,portions,
treasure,possession,hyp-4,a treasure,is,a possession,treasures,are,possessions,
property,possession,hyp-1,a property,is,a possession,properties,are,possessions,
authority,power,hyp-2,authority,is,a power,authorities,are,powers,2
force,power,hyp-2,a force,is,a power,forces,are,powers,2
chimpanzee,primate,hyp-4,a chimpanzee,is,a primate,chimpanzees,are,primates,
gorilla,primate,hyp-4,a gorilla,is,a primate,gorillas,are,primates,
man,primate,hyp-2,a man,is,a primate,men,are,primates,
ape,primate,hyp-1,an ape,is,a primate,apes,are,primates,
seat,throne,r-hyp-3,a seat,is,a throne,seats,are,thrones,
elimination,process,hyp-4,elimination,is,a process,eliminations,are,processes,
selection,process,hyp-3,a selection,is,a process,selections,are,processes,
server,waitress,r-hyp-1,a server,is,a waitress,servers,are,waitresses,
medicine,profession,hyp-2,medicine,is,a profession,medicines,are,professions,
shape,prism,r-hyp-3,a shape,is,a prism,shapes,are,prisms,
professor,professional,hyp-3,a professor,is,a professional,professors,are,professionals,
teacher,professional,hyp-2,a teacher,is,a professional,teachers,are,professionals,
shape,sphere,r-hyp-2,a shape,is,a sphere,shapes,are,spheres,
homework,project,hyp-3,a homework,is,a project,homeworks,are,projects,
shape,triangle,r-hyp-4,a shape,is,a triangle,shapes,are,triangles,
helmet,protection,hyp-4,a helmet,is,a protection,helmets,are,protections,
umbrella,protection,hyp-3,an umbrella,is,a protection,umbrellas,are,protections,
signal,stoplight,r-hyp-2,a signal,is,a stoplight,signals,are,stoplights,
magazine,publication,hyp-1,a magazine,is,a publication,magazines,are,publications,
speech,lecture,r-hyp-1,a speech,is,a lecture,speeches,are,lectures,
sphere,globe,r-hyp-1,a sphere,is,a globe,spheres,are,globes,
comma,punctuation,hyp-1,a comma,is,a punctuation,commas,are,punctuations,
discipline,punishment,hyp-1,a discipline,is,a punishment,disciplines,are,punishments,3
virtue,quality,hyp-2,a virtue,is,a quality,virtues,are,qualities,
weight,quantity,hyp-2,a weight,is,a quantity,weights,are,quantities,
lot,quantity,hyp-3,a lot,is,a quantity,lots,are,quantities,
bunny,rabbit,hyp-1,a bunny,is,a rabbit,bunnies,are,rabbits,
sport,volleyball,r-hyp-3,a sport,is,a volleyball,sports,are,volleyballs,
shower,rain,hyp-1,a shower,is,a rain,showers,are,rains,
statement,thesis,r-hyp-4,a statement,is,a thesis,statements,are,theses,
shock,reaction,hyp-2,a shock,is,a reaction,shocks,are,reactions,
storm,typhoon,r-hyp-3,a storm,is,a typhoon,storms,are,typhoons,
street,boulevard,r-hyp-1,a street,is,a boulevard,streets,are,boulevards,
structure,architecture,r-hyp-2,a structure,is,an architecture,structures,are,architectures,
sport,recreation,hyp-1,sport,is,a recreation,sports,are,recreations,
tennis,recreation,hyp-4,tennis,is,a recreation,tenniss,are,recreations,
square,rectangle,hyp-1,a square,is,a rectangle,squares,are,rectangles,
substance,water,r-hyp-4,a substance,is,a water,substances,are,waters,
freezer,refrigerator,hyp-2,a freezer,is,a refrigerator,freezers,are,refrigerators,
suggestion,hint,r-hyp-1,a suggestion,is,a hint,suggestions,are,hints,
land,region,hyp-1,a land,is,a region,lands,are,regions,
country,region,hyp-3,a country,is,a region,countries,are,regions,
state,region,hyp-3,a state,is,a region,states,are,regions,
parent,relation,hyp-4,parent,is,a relation,parents,are,relations,3
relationship,relation,hyp-1,a relationship,is,a relation,relationships,are,relations,
brother,relation,hyp-3,brother,is,a relation,brothers,are,relations,
sister,relation,hyp-3,sister,is,a relation,sisters,are,relations,
repentance,remorse,hyp-1,repentance,is,a remorse,repentances,are,remorses,
symbol,letter,r-hyp-3,a symbol,is,a letter,symbols,are,letters,
symptom,pain,r-hyp-1,a symptom,is,a pain,symptoms,are,pains,
thought,reflection,r-hyp-2,a thought,is,a reflection,thoughts,are,reflections,
alligator,reptile,hyp-3,an alligator,is,a reptile,alligators,are,reptiles,
snake,reptile,hyp-2,a snake,is,a reptile,snakes,are,reptiles,
diner,restaurant,hyp-1,a diner,is,a restaurant,diners,are,restaurants,
paddy,rice,hyp-1,a paddy,is,a rice,paddies,are,rices,
time,era,r-hyp-2,a time,is,an era,times,are,eras,
tissue,bone,r-hyp-3,a tissue,is,a bone,tissues,are,bones,
marriage,ritual,hyp-1,a marriage,is,a ritual,marriages,are,rituals,
highway,road,hyp-1,a highway,is,a road,highways,are,roads,
alley,road,hyp-3,an alley,is,a road,alleys,are,roads,
boulevard,road,hyp-3,a boulevard,is,a road,boulevards,are,roads,
freeway,road,hyp-2,a freeway,is,a road,freeways,are,roads,
avenue,road,hyp-3,an avenue,is,a road,avenues,are,roads,
marble,rock,hyp-1,a marble,is,a rock,marbles,are,rocks,
lava,rock,hyp-3,a lava,is,a rock,lavas,are,rocks,
boulder,rock,hyp-1,a boulder,is,a rock,boulders,are,rocks,
missile,rocket,hyp-1,a missile,is,a rocket,missiles,are,rockets,
mouse,rodent,hyp-1,a mouse,is,a rodent,mice,are,rodents,
closet,room,hyp-1,a closet,is,a room,closets,are,rooms,
tissue,skin,r-hyp-3,a tissue,is,a skin,tissues,are,skins,
restriction,rule,hyp-1,a restriction,is,a rule,restrictions,are,rules,
king,ruler,hyp-2,a king,is,a ruler,kings,are,rulers,
emperor,ruler,hyp-2,an emperor,is,a ruler,emperors,are,rulers,
dictator,ruler,hyp-1,a dictator,is,a ruler,dictators,are,rulers,
gossip,rumor,hyp-1,a gossip,is,a rumor,gossips,are,rumors,
tool,screwdriver,r-hyp-2,a tool,is,a screwdriver,tools,are,screwdrivers,
insurance,safety,hyp-3,an insurance,is,a safety,insurances,are,safeties,
navigator,sailor,hyp-3,a navigator,is,a sailor,navigators,are,sailors,
coleslaw,salad,hyp-1,a coleslaw,is,a salad,coleslaws,are,salads,
hamburger,sandwich,hyp-1,a hamburger,is,a sandwich,hamburgers,are,sandwiches,
gravy,sauce,hyp-1,a gravy,is,a sauce,gravies,are,sauces,
tool,shovel,r-hyp-2,a tool,is,a shovel,tools,are,shovels,
toy,doll,r-hyp-1,a toy,is,a doll,toys,are,dolls,
musk,scent,hyp-1,a musk,is,a scent,musks,are,scents,
treatment,medication,r-hyp-3,a treatment,is,a medication,treatments,are,medications,
chemistry,science,hyp-2,chemistry,is,a science,chemistries,are,sciences,2
anatomy,science,hyp-4,anatomy,is,a science,anatomies,are,sciences,2
geology,science,hyp-3,geology,is,a science,geologies,are,sciences,2
math,science,hyp-1,math,is,a science,maths,are,sciences,2
biology,science,hyp-3,biology,is,a science,biologies,are,sciences,2
astronomy,science,hyp-3,astronomy,is,a science,astronomies,are,sciences,2
psychology,science,hyp-1,psychology,is,a science,psychologies,are,sciences,2
chemist,scientist,hyp-1,a chemist,is,a scientist,chemists,are,scientists,
treatment,therapy,r-hyp-2,a treatment,is,a therapy,treatments,are,therapies,
vegetable,spinach,r-hyp-1,a vegetable,is,a spinach,vegetables,are,spinaches,
crab,seafood,hyp-2,crab,is,a seafood,crabs,are,seafoods,
mussel,seafood,hyp-2,mussel,is,a seafood,mussels,are,seafoods,
shrimp,seafood,hyp-1,shrimp,is,a seafood,shrimps,are,seafoods,
clam,seafood,hyp-2,clam,is,a seafood,clams,are,seafoods,
winter,season,hyp-1,winter,is,a season,winters,are,seasons,
autumn,season,hyp-1,autumn,is,a season,autumns,are,seasons,
recliner,seat,hyp-3,a recliner,is,a seat,recliners,are,seats,
bench,seat,hyp-1,a bench,is,a seat,benches,are,seats,
vegetable,tomato,r-hyp-2,a vegetable,is,a tomato,vegetables,are,tomatoes,
sight,sense,hyp-2,sight,is,a sense,sights,are,senses,2
maid,servant,hyp-2,a maid,is,a servant,maids,are,servants,
waitress,server,hyp-1,a waitress,is,a server,waitresses,are,servers,
sphere,shape,hyp-2,a sphere,is,a shape,spheres,are,shapes,
square,shape,hyp-4,a square,is,a shape,squares,are,shapes,
cone,shape,hyp-2,a cone,is,a shape,cones,are,shapes,
rectangle,shape,hyp-4,a rectangle,is,a shape,rectangles,are,shapes,
triangle,shape,hyp-4,a triangle,is,a shape,triangles,are,shapes,
pyramid,shape,hyp-3,a pyramid,is,a shape,pyramids,are,shapes,
circle,shape,hyp-4,a circle,is,a shape,circles,are,shapes,
prism,shape,hyp-3,a prism,is,a shape,prisms,are,shapes,
vehicle,car,r-hyp-4,a vehicle,is,a car,vehicles,are,cars,
ewe,sheep,hyp-1,a ewe,is,a sheep,ewes,are,sheep,
haven,shelter,hyp-1,a haven,is,a shelter,havens,are,shelters,
submarine,ship,hyp-3,a submarine,is,a ship,submarines,are,ships,
sandal,shoe,hyp-1,a sandal,is,a shoe,sandals,are,shoes,
spade,shovel,hyp-2,a spade,is,a shovel,spades,are,shovels,
scoop,shovel,hyp-1,a scoop,is,a shovel,scoops,are,shovels,
vehicle,motorcycle,r-hyp-4,a vehicle,is,a motorcycle,vehicles,are,motorcycles,
vehicle,truck,r-hyp-4,a vehicle,is,a truck,vehicles,are,trucks,
flu,sickness,hyp-3,a flu,is,a sickness,flus,are,sicknesses,
curb,side,hyp-2,curb,is,a side,curbs,are,sides,
walkway,sidewalk,r-hyp-1,a walkway,is,a sidewalk,walkways,are,sidewalks,
label,sign,hyp-3,a label,is,a sign,labels,are,signs,
billboard,sign,hyp-1,a billboard,is,a sign,billboards,are,signs,
letter,sign,hyp-4,a letter,is,a sign,letters,are,signs,
stoplight,signal,hyp-2,a stoplight,is,a signal,stoplights,are,signals,
siren,signal,hyp-2,a siren,is,a signal,sirens,are,signals,
water,puddle,r-hyp-1,a water,is,a puddle,waters,are,puddles,
tenor,singer,hyp-1,a tenor,is,a singer,tenors,are,singers,
circumstance,situation,hyp-2,a circumstance,is,a situation,circumstances,are,situations,
weapon,dagger,r-hyp-2,a weapon,is,a dagger,weapons,are,daggers,
weapon,gun,r-hyp-1,a weapon,is,a gun,weapons,are,guns,
tutu,skirt,hyp-1,a tutu,is,a skirt,tutus,are,skirts,
weapon,sword,r-hyp-1,a weapon,is,a sword,weapons,are,swords,
woman,heroine,r-hyp-1,a woman,is,a heroine,women,are,heroines,
cobra,snake,hyp-2,a cobra,is,a snake,cobras,are,snakes,
work,homework,r-hyp-4,a work,is,a homework,works,are,homeworks,
worker,carpenter,r-hyp-4,a worker,is,a carpenter,workers,are,carpenters,
worker,farmer,r-hyp-3,a worker,is,a farmer,workers,are,farmers,
worker,mason,r-hyp-3,a worker,is,a mason,workers,are,masons,
repentance,sorrow,hyp-2,repentance,is,a sorrow,repentances,are,sorrows,
music,sound,hyp-1,music,is,a sound,musics,are,sounds,
broth,soup,hyp-1,a broth,is,a soup,broths,are,soups,
crevice,space,hyp-2,a crevice,is,a space,crevices,are,spaces,
worker,mechanic,r-hyp-3,a worker,is,a mechanic,workers,are,mechanics,
lecture,speech,hyp-1,a lecture,is,a speech,lectures,are,speeches,
globe,sphere,hyp-1,a globe,is,a sphere,globes,are,spheres,
worker,technician,r-hyp-2,a worker,is,a technician,workers,are,technicians,
worker,waitress,r-hyp-4,a worker,is,a waitress,workers,are,waitresses,
ghost,spirit,hyp-2,a ghost,is,a spirit,ghosts,are,spirits,
soccer,sport,hyp-3,soccer,is,a sport,soccers,are,sports,2
volleyball,sport,hyp-3,volleyball,is,a sport,volleyballs,are,sports,2
baseball,sport,hyp-4,baseball,is,a sport,baseballs,are,sports,2
racquetball,sport,hyp-3,racquetball,is,a sport,racquetballs,are,sports,2
wrestling,sport,hyp-2,wrestling,is,a sport,wrestlings,are,sports,2
cricket,sport,hyp-4,cricket,is,a sport,crickets,are,sports,2
writer,poet,r-hyp-1,a writer,is,a poet,writers,are,poets,
basketball,sport,hyp-3,basketball,is,a sport,basketballs,are,sports,2
softball,sport,hyp-4,softball,is,a sport,softballs,are,sports,2
hockey,sport,hyp-4,hockey,is,a sport,hockeys,are,sports,2
freckle,spot,hyp-2,a freckle,is,a spot,freckles,are,spots,
husband,spouse,hyp-1,a husband,is,a spouse,husbands,are,spouses,
writing,poem,r-hyp-2,a writing,is,a poem,writings,are,poems,
pumpkin,squash,hyp-1,a pumpkin,is,a squash,pumpkins,are,squashes,
zucchini,squash,hyp-3,a zucchini,is,a squash,zucchinis,are,squashes,
chipmunk,squirrel,hyp-1,a chipmunk,is,a squirrel,chipmunks,are,squirrels,
writing,story,r-hyp-3,a writing,is,a story,writings,are,stories,
stick,stalk,hyp-3,a stick,is,a stalk,sticks,are,stalks,
condition,state,hyp-1,a condition,is,a state,conditions,are,states,
trance,state,hyp-3,a trance,is,a state,trances,are,states,
thesis,statement,hyp-4,a thesis,is,a statement,theses,are,statements,
ability,leadership,r-hyp-1,an ability,is,a leadership,abilities,are,leaderships,
marriage,status,hyp-3,a marriage,is,a status,marriages,are,statuses,
prestige,status,hyp-2,a prestige,is,a status,prestiges,are,statuses,
gravel,stone,hyp-1,a gravel,is,a stone,gravels,are,stones,
granite,stone,hyp-3,a granite,is,a stone,granites,are,stones,
ability,strength,r-hyp-2,an ability,is,a strength,abilities,are,strengths,
warehouse,storage,hyp-1,a warehouse,is,a storage,warehouses,are,storages,
twister,storm,hyp-3,a twister,is,a storm,twisters,are,storms,
tornado,storm,hyp-3,a tornado,is,a storm,tornadoes,are,storms,
hurricane,storm,hyp-3,a hurricane,is,a storm,hurricanes,are,storms,
typhoon,storm,hyp-3,a typhoon,is,a storm,typhoons,are,storms,
activity,hobby,r-hyp-3,an activity,is,a hobby,activities,are,hobbies,
fairytale,story,hyp-1,a fairytale,is,a story,fairytales,are,stories,
brook,stream,hyp-1,a brook,is,a stream,brooks,are,streams,
avenue,street,hyp-1,an avenue,is,a street,avenues,are,streets,
boulevard,street,hyp-1,a boulevard,is,a street,boulevards,are,streets,
alley,street,hyp-1,an alley,is,a street,alleys,are,streets,
activity,movement,r-hyp-4,an activity,is,a movement,activities,are,movements,
architecture,structure,hyp-2,an architecture,is,a structure,architectures,are,structures,
house,structure,hyp-2,a house,is,a structure,houses,are,structures,
ancestor,father,r-hyp-4,an ancestor,is,a father,ancestors,are,fathers,
geology,study,hyp-4,geology,is,a study,geologies,are,studies,2
history,study,hyp-2,history,is,a study,histories,are,studies,2
analysis,study,hyp-4,an analysis,is,a study,analyses,are,studies,
physiology,study,hyp-4,physiology,is,a study,physiologies,are,studies,2
biology,study,hyp-4,biology,is,a study,biologies,are,studies,2
philosophy,study,hyp-2,philosophy,is,a study,philosophies,are,studies,2
alcohol,substance,hyp-3,alcohol,is,a substance,alcohols,are,substances,
liquid,substance,hyp-2,liquid,is,a substance,liquids,are,substances,
water,substance,hyp-4,water,is,a substance,waters,are,substances,
goal,success,hyp-2,goal,is,a success,goals,are,successes,4
ancestor,parent,r-hyp-3,an ancestor,is,a parent,ancestors,are,parents,
animal,duck,r-hyp-4,an animal,is,a duck,animals,are,ducks,
hint,suggestion,hyp-1,a hint,is,a suggestion,hints,are,suggestions,
animal,elephant,r-hyp-4,an animal,is,an elephant,animals,are,elephants,
animal,lamb,r-hyp-3,an animal,is,a lamb,animals,are,lambs,
director,supervisor,hyp-1,a director,is,a supervisor,directors,are,supervisors,
animal,mammal,r-hyp-3,an animal,is,a mammal,animals,are,mammals,
beam,support,hyp-2,a beam,is,a support,beams,are,supports,
pavement,surface,hyp-3,a pavement,is,a surface,pavements,are,surfaces,
animal,rat,r-hyp-4,an animal,is,a rat,animals,are,rats,
saber,sword,hyp-2,a saber,is,a sword,sabers,are,swords,
animal,reptile,r-hyp-3,an animal,is,a reptile,animals,are,reptiles,
letter,symbol,hyp-3,a letter,is,a symbol,letters,are,symbols,
star,symbol,hyp-3,a star,is,a symbol,stars,are,symbols,
headache,symptom,hyp-3,a headache,is,a symptom,headaches,are,symptoms,
pain,symptom,hyp-1,a pain,is,a symptom,pains,are,symptoms,
appliance,dishwasher,r-hyp-3,an appliance,is,a dishwasher,appliances,are,dishwashers,
appliance,microwave,r-hyp-3,an appliance,is,a microwave,appliances,are,microwaves,
assignment,task,hyp-1,an assignment,is,a task,assignments,are,tasks,
excise,tax,hyp-2,an excise,is,a tax,excises,are,taxes,
appliance,oven,r-hyp-3,an appliance,is,an oven,appliances,are,ovens,
appliance,refrigerator,r-hyp-3,an appliance,is,a refrigerator,appliances,are,refrigerators,
kingdom,territory,hyp-3,a kingdom,is,a territory,kingdoms,are,territories,
quiz,test,hyp-1,a quiz,is,a test,quizzes,are,tests,
appliance,washer,r-hyp-3,an appliance,is,a washer,appliances,are,washers,
art,sculpture,r-hyp-2,an art,is,a sculpture,arts,are,sculptures,
opinion,thought,hyp-1,an opinion,is,a thought,opinions,are,thoughts,
reflection,thought,hyp-2,a reflection,is,a thought,reflections,are,thoughts,
assignment,homework,r-hyp-2,an assignment,is,a homework,assignments,are,homeworks,
athlete,runner,r-hyp-1,an athlete,is,a runner,athletes,are,runners,
era,time,hyp-2,an era,is,a time,eras,are,times,
bone,tissue,hyp-3,a bone,is,a tissue,bones,are,tissues,
skin,tissue,hyp-3,a skin,is,a tissue,skins,are,tissues,
cigarette,tobacco,hyp-2,a cigarette,is,a tobacco,cigarettes,are,tobaccos,3
restroom,toilet,hyp-1,a restroom,is,a toilet,restrooms,are,toilets,
attendance,appearance,r-hyp-1,an attendance,is,an appearance,attendance,are,appearances,
sickle,tool,hyp-4,a sickle,is,a tool,sickles,are,tools,
ax,tool,hyp-4,an ax,is,a tool,axes,are,tools,
saw,tool,hyp-2,a saw,is,a tool,saws,are,tools,
pitchfork,tool,hyp-2,a pitchfork,is,a tool,pitchforks,are,tools,
shovel,tool,hyp-2,a shovel,is,a tool,shovels,are,tools,
chisel,tool,hyp-4,a chisel,is,a tool,chisels,are,tools,
hatchet,tool,hyp-4,a hatchet,is,a tool,hatchets,are,tools,
scalpel,tool,hyp-4,a scalpel,is,a tool,scalpels,are,tools,
hammer,tool,hyp-2,a hammer,is,a tool,hammers,are,tools,
jigsaw,tool,hyp-3,a jigsaw,is,a tool,jigsaws,are,tools,
screwdriver,tool,hyp-2,a screwdriver,is,a tool,screwdrivers,are,tools,
doll,toy,hyp-1,a doll,is,a toy,dolls,are,toys,
therapy,treatment,hyp-2,a therapy,is,a treatment,therapies,are,treatments,
medication,treatment,hyp-3,a medication,is,a treatment,medications,are,treatments,
cherry,tree,hyp-3,a cherry,is,a tree,cherries,are,trees,4
maple,tree,hyp-2,a maple,is,a tree,maples,are,trees,4
orange,tree,hyp-4,an orange,is,a tree,oranges,are,trees,4
citrus,tree,hyp-3,a citrus,is,a tree,citruses,are,trees,4
walnut,tree,hyp-3,a walnut,is,a tree,walnuts,are,trees,4
plum,tree,hyp-3,a plum,is,a tree,plums,are,trees,4
pine,tree,hyp-3,a pine,is,a tree,pines,are,trees,4
lemon,tree,hyp-4,a lemon,is,a tree,lemons,are,trees,4
fad,trend,hyp-2,a fad,is,a trend,fads,are,trends,
attention,focus,r-hyp-2,an attention,is,a focus,attentions,are,focuses,
education,school,r-hyp-1,an education,is,a school,educations,are,schools,
effect,reaction,r-hyp-2,an effect,is,a reaction,effects,are,reactions,
tractor,truck,hyp-1,a tractor,is,a truck,tractors,are,trucks,
existence,life,r-hyp-1,an existence,is,a life,existences,are,lives,
expert,professional,r-hyp-2,an expert,is,a professional,experts,are,professionals,
explorer,navigator,r-hyp-1,an explorer,is,a navigator,explorers,are,navigators,
extremity,leg,r-hyp-2,an extremity,is,a leg,extremities,are,legs,
nightgown,underwear,hyp-2,a nightgown,is,an underwear,nightgowns,are,underwears,
lingerie,underwear,hyp-1,a lingerie,is,an underwear,lingeries,are,underwears,
kitchen,unit,hyp-4,a kitchen,is,a unit,kitchens,are,units,
meter,unit,hyp-3,a meter,is,a unit,meters,are,units,
section,unit,hyp-2,a section,is,a unit,sections,are,units,
pan,utensil,hyp-3,a pan,is,a utensil,pans,are,utensils,
spatula,utensil,hyp-4,a spatula,is,a utensil,spatulas,are,utensils,
price,value,hyp-1,a price,is,a value,prices,are,values,
potato,vegetable,hyp-2,a potato,is,a vegetable,potatoes,are,vegetables,
bean,vegetable,hyp-2,a bean,is,a vegetable,beans,are,vegetables,
spinach,vegetable,hyp-1,a spinach,is,a vegetable,spinaches,are,vegetables,
radish,vegetable,hyp-2,a radish,is,a vegetable,radishes,are,vegetables,
cabbage,vegetable,hyp-2,a cabbage,is,a vegetable,cabbages,are,vegetables,
tomato,vegetable,hyp-2,a tomato,is,a vegetable,tomatoes,are,vegetables,
pea,vegetable,hyp-2,a pea,is,a vegetable,peas,are,vegetables,
celery,vegetable,hyp-1,a celery,is,a vegetable,celeries,are,vegetables,
squash,vegetable,hyp-1,a squash,is,a vegetable,squashes,are,vegetables,
jeep,vehicle,hyp-4,a jeep,is,a vehicle,jeeps,are,vehicles,
van,vehicle,hyp-3,a van,is,a vehicle,vans,are,vehicles,
auto,vehicle,hyp-4,an auto,is,a vehicle,autos,are,vehicles,
limousine,vehicle,hyp-4,a limousine,is,a vehicle,limousines,are,vehicles,
tractor,vehicle,hyp-3,a tractor,is,a vehicle,tractors,are,vehicles,
vessel,vehicle,hyp-2,a vessel,is,a vehicle,vessels,are,vehicles,
buggy,vehicle,hyp-4,a buggy,is,a vehicle,buggies,are,vehicles,
car,vehicle,hyp-4,a car,is,a vehicle,cars,are,vehicles,
motorcycle,vehicle,hyp-4,a motorcycle,is,a vehicle,motorcycles,are,vehicles,
bicycle,vehicle,hyp-2,a bicycle,is,a vehicle,bicycles,are,vehicles,
automobile,vehicle,hyp-4,an automobile,is,a vehicle,automobiles,are,vehicles,
truck,vehicle,hyp-4,a truck,is,a vehicle,trucks,are,vehicles,
caravan,vehicle,hyp-4,a caravan,is,a vehicle,caravans,are,vehicles,
idea,suggestion,r-hyp-1,an idea,is,a suggestion,ideas,are,suggestions,
insect,mosquito,r-hyp-2,an insect,is,a mosquito,insects,are,mosquitoes,
submarine,vessel,hyp-4,a submarine,is,a vessel,submarines,are,vessels,
instrument,guitar,r-hyp-2,an instrument,is,a guitar,instruments,are,guitars,
alto,voice,hyp-2,an alto,is,a voice,altos,are,voices,
instrument,piano,r-hyp-2,an instrument,is,a piano,instruments,are,pianos,
instrument,scalpel,r-hyp-4,an instrument,is,a scalpel,instruments,are,scalpels,
instrument,trumpet,r-hyp-3,an instrument,is,a trumpet,instruments,are,trumpets,
sidewalk,walkway,hyp-1,a sidewalk,is,a walkway,sidewalks,are,walkways,
instrument,tuba,r-hyp-2,an instrument,is,a tuba,instruments,are,tubas,
officer,corporal,r-hyp-2,an officer,is,a corporal,officers,are,corporals,
organ,kidney,r-hyp-3,an organ,is,a kidney,organs,are,kidneys,
hornet,wasp,hyp-2,a hornet,is,a wasp,hornets,are,wasps,
organization,foundation,r-hyp-3,an organization,is,a foundation,organizations,are,foundations,
lake,water,hyp-1,a lake,is,a water,lakes,are,waters,4
sea,water,hyp-1,a sea,is,a water,seas,are,waters,4
science,anatomy,r-hyp-4,science,is,an anatomy,sciences,are,anatomies,2
puddle,water,hyp-1,a puddle,is,a water,puddles,are,waters,4
creek,water,hyp-2,a creek,is,a water,creeks,are,waters,4
alley,way,hyp-4,an alley,is,a way,alleys,are,ways,
street,way,hyp-3,a street,is,a way,streets,are,ways,
fortune,wealth,hyp-2,a fortune,is,a wealth,fortunes,are,wealths,
pistol,weapon,hyp-3,a pistol,is,a weapon,pistols,are,weapons,
sword,weapon,hyp-1,a sword,is,a weapon,swords,are,weapons,
dagger,weapon,hyp-2,a dagger,is,a weapon,daggers,are,weapons,
gun,weapon,hyp-1,a gun,is,a weapon,guns,are,weapons,
porpoise,whale,hyp-3,a porpoise,is,a whale,porpoises,are,whales,
puff,wind,hyp-2,a puff,is,a wind,puffs,are,winds,
breeze,wind,hyp-1,a breeze,is,a wind,breezes,are,winds,
champagne,wine,hyp-2,a champagne,is,a wine,champagnes,are,wines,
rose,wine,hyp-1,a rose,is,a wine,roses,are,wines,
foresight,wisdom,hyp-4,foresight,is,a wisdom,foresights,are,wisdoms,
science,geology,r-hyp-3,science,is,a geology,sciences,are,geologies,2
heroine,woman,hyp-1,a heroine,is,a woman,heroines,are,women,
wife,woman,hyp-1,a wife,is,a woman,wives,are,women,
girl,woman,hyp-1,a girl,is,a woman,girls,are,women,
mother,woman,hyp-2,a mother,is,a woman,mothers,are,women,
witch,woman,hyp-2,a witch,is,a woman,witches,are,women,
oak,wood,hyp-1,an oak,is,a wood,oaks,are,woods,4
adverb,word,hyp-3,an adverb,is,a word,adverbs,are,words,
pronoun,word,hyp-2,a pronoun,is,a word,pronouns,are,words,
noun,word,hyp-2,a noun,is,a word,nouns,are,words,
adjective,word,hyp-3,an adjective,is,a word,adjectives,are,words,
homework,work,hyp-4,a homework,is,work,homeworks,are,works,2
mason,worker,hyp-3,a mason,is,a worker,masons,are,workers,
miner,worker,hyp-4,a miner,is,a worker,miners,are,workers,
clerk,worker,hyp-2,a clerk,is,a worker,clerks,are,workers,
digger,worker,hyp-4,a digger,is,a worker,diggers,are,workers,
waitress,worker,hyp-4,a waitress,is,a worker,waitresses,are,workers,
employee,worker,hyp-1,an employee,is,a worker,employees,are,workers,
mechanic,worker,hyp-3,a mechanic,is,a worker,mechanics,are,workers,
farmer,worker,hyp-3,a farmer,is,a worker,farmers,are,workers,
technician,worker,hyp-2,a technician,is,a worker,technicians,are,workers,
carpenter,worker,hyp-4,a carpenter,is,a worker,carpenters,are,workers,
price,worth,hyp-2,a price,is,a worth,prices,are,worths,3
poet,writer,hyp-1,a poet,is,a writer,poets,are,writers,
letter,writing,hyp-3,a letter,is,a writing,letters,are,writings,
poem,writing,hyp-2,a poem,is,a writing,poems,are,writings,
story,writing,hyp-3,a story,is,a writing,stories,are,writings,